{
  "epoch": 10000,
  "singular_values": [
    1277.1131591796875,
    397.4365234375,
    339.60748291015625,
    244.01141357421875,
    230.53843688964844,
    193.73416137695312,
    176.6231231689453,
    143.1763458251953,
    132.64151000976562,
    121.31099700927734,
    114.11123657226562,
    106.8746337890625,
    97.86542510986328,
    92.3915023803711,
    88.44660186767578,
    82.42970275878906,
    70.30580139160156,
    67.92666625976562,
    64.921875,
    61.231842041015625,
    59.610511779785156,
    55.744232177734375,
    52.879150390625,
    51.33242416381836,
    46.45204544067383,
    44.91737747192383,
    43.76483154296875,
    41.658935546875,
    39.48062515258789,
    38.17619705200195,
    35.30527114868164,
    34.52190399169922,
    33.3859977722168,
    31.681015014648438,
    29.033916473388672,
    25.103111267089844,
    23.32239532470703,
    21.449861526489258,
    20.10342788696289,
    16.354833602905273,
    13.103439331054688,
    10.299578666687012,
    8.906194686889648,
    8.119982719421387,
    5.356186866760254,
    4.411250114440918,
    3.866381883621216,
    3.193559408187866,
    3.0374879837036133,
    2.862344980239868,
    2.3069536685943604,
    1.719627857208252,
    1.277483582496643,
    0.9296548962593079,
    0.9122326970100403,
    0.19607028365135193,
    6.359048711601645e-05,
    6.359048711601645e-05,
    6.359048711601645e-05,
    6.359048711601645e-05,
    6.359048711601645e-05,
    6.359048711601645e-05,
    6.359048711601645e-05,
    6.359048711601645e-05
  ],
  "variance": [
    1631018.0,
    157955.796875,
    115333.2421875,
    59541.5703125,
    53147.97265625,
    37532.92578125,
    31195.728515625,
    20499.466796875,
    17593.76953125,
    14716.3583984375,
    13021.3740234375,
    11422.1875,
    9577.6416015625,
    8536.189453125,
    7822.80126953125,
    6794.65576171875,
    4942.90576171875,
    4614.0322265625,
    4214.849609375,
    3749.33837890625,
    3553.4130859375,
    3107.41943359375,
    2796.20458984375,
    2635.017822265625,
    2157.79248046875,
    2017.57080078125,
    1915.3604736328125,
    1735.4669189453125,
    1558.7197265625,
    1457.4219970703125,
    1246.462158203125,
    1191.7618408203125,
    1114.6248779296875,
    1003.6867065429688,
    842.9683227539062,
    630.1661987304688,
    543.9341430664062,
    460.0965576171875,
    404.1478271484375,
    267.4805908203125,
    171.7001190185547,
    106.0813217163086,
    79.32030487060547,
    65.93412017822266,
    28.688737869262695,
    19.45912742614746,
    14.948908805847168,
    10.198822021484375,
    9.226333618164062,
    8.193018913269043,
    5.322035312652588,
    2.957119941711426,
    1.6319643259048462,
    0.8642582297325134,
    0.8321685194969177,
    0.03844355791807175,
    4.043750223559073e-09,
    4.043750223559073e-09,
    4.043750223559073e-09,
    4.043750223559073e-09,
    4.043750223559073e-09,
    4.043750223559073e-09,
    4.043750223559073e-09,
    4.043750223559073e-09
  ],
  "cumulative_variance_pct": [
    72.67068481445312,
    79.70846557617188,
    84.8471908569336,
    87.50009155273438,
    89.86812591552734,
    91.54042053222656,
    92.93035888671875,
    93.84371948242188,
    94.62761688232422,
    95.2833023071289,
    95.86348724365234,
    96.37240600585938,
    96.79914093017578,
    97.17947387695312,
    97.52802276611328,
    97.83076477050781,
    98.05098724365234,
    98.2565689086914,
    98.44437408447266,
    98.61141967773438,
    98.76974487304688,
    98.908203125,
    99.03277587890625,
    99.15017700195312,
    99.246337890625,
    99.33622741699219,
    99.42156219482422,
    99.49888610839844,
    99.5683364868164,
    99.6332778930664,
    99.68881225585938,
    99.74191284179688,
    99.79156494140625,
    99.83628845214844,
    99.87385559082031,
    99.90192413330078,
    99.92616271972656,
    99.94666290283203,
    99.96466827392578,
    99.9765853881836,
    99.98423767089844,
    99.98896026611328,
    99.99249267578125,
    99.99543762207031,
    99.99671936035156,
    99.9975814819336,
    99.99825286865234,
    99.99869537353516,
    99.99910736083984,
    99.99947357177734,
    99.99971008300781,
    99.99984741210938,
    99.99992370605469,
    99.99996185302734,
    100.0,
    100.0,
    100.0,
    100.0,
    100.0,
    100.0,
    100.0,
    100.0,
    100.0,
    100.0
  ],
  "total_variance": 2244396.0
}