{
  "epoch": 60000,
  "singular_values": [
    1519.977294921875,
    498.1131591796875,
    414.78631591796875,
    295.8265686035156,
    280.6236572265625,
    218.78054809570312,
    209.38954162597656,
    193.5861358642578,
    154.95672607421875,
    145.54397583007812,
    133.87081909179688,
    127.0097885131836,
    120.22303771972656,
    109.8902587890625,
    100.37666320800781,
    93.8552474975586,
    83.52442169189453,
    79.45152282714844,
    74.57975006103516,
    72.4004135131836,
    62.096492767333984,
    61.151851654052734,
    57.34681701660156,
    54.8458137512207,
    52.715938568115234,
    49.12384796142578,
    45.99360656738281,
    45.50812530517578,
    43.302101135253906,
    40.322078704833984,
    39.846527099609375,
    37.666221618652344,
    33.8624267578125,
    32.48837661743164,
    30.743988037109375,
    29.607614517211914,
    26.68332862854004,
    25.245336532592773,
    24.498376846313477,
    19.707290649414062,
    18.184045791625977,
    16.730728149414062,
    14.314805030822754,
    6.102178573608398,
    1.7158786058425903,
    1.3273265361785889,
    0.8509674072265625,
    0.46647414565086365,
    0.379118412733078,
    0.3071081340312958,
    0.14610598981380463,
    0.047690536826848984,
    0.01004894357174635,
    7.78974499553442e-05,
    7.61038827477023e-05,
    7.61038827477023e-05,
    7.61038827477023e-05,
    7.61038827477023e-05,
    7.61038827477023e-05,
    7.61038827477023e-05,
    7.61038827477023e-05,
    7.61038827477023e-05,
    7.61038827477023e-05,
    7.61038827477023e-05
  ],
  "variance": [
    2310331.0,
    248116.71875,
    172047.6875,
    87513.359375,
    78749.640625,
    47864.9296875,
    43843.98046875,
    37475.59375,
    24011.587890625,
    21183.048828125,
    17921.396484375,
    16131.486328125,
    14453.5791015625,
    12075.869140625,
    10075.474609375,
    8808.8076171875,
    6976.3291015625,
    6312.54443359375,
    5562.13916015625,
    5241.81982421875,
    3855.974365234375,
    3739.549072265625,
    3288.657470703125,
    3008.063232421875,
    2778.97021484375,
    2413.15234375,
    2115.411865234375,
    2070.989501953125,
    1875.072021484375,
    1625.8699951171875,
    1587.7457275390625,
    1418.7442626953125,
    1146.6639404296875,
    1055.49462890625,
    945.1928100585938,
    876.61083984375,
    712.0,
    637.3270263671875,
    600.1704711914062,
    388.3773193359375,
    330.6595153808594,
    279.9172668457031,
    204.9136505126953,
    37.2365837097168,
    2.944239377975464,
    1.7617957592010498,
    0.7241455316543579,
    0.21759812533855438,
    0.1437307745218277,
    0.09431540966033936,
    0.021346960216760635,
    0.0022743872832506895,
    0.00010098126949742436,
    6.068012758930763e-09,
    5.79180081672348e-09,
    5.79180081672348e-09,
    5.79180081672348e-09,
    5.79180081672348e-09,
    5.79180081672348e-09,
    5.79180081672348e-09,
    5.79180081672348e-09,
    5.79180081672348e-09,
    5.79180081672348e-09,
    5.79180081672348e-09
  ],
  "cumulative_variance_pct": [
    71.93492889404297,
    79.66033935546875,
    85.01725006103516,
    87.74208068847656,
    90.19405364990234,
    91.68437957763672,
    93.04951477050781,
    94.21636199951172,
    94.9639892578125,
    95.62355041503906,
    96.18155670166016,
    96.68383026123047,
    97.13385772705078,
    97.50985717773438,
    97.82356262207031,
    98.09783935546875,
    98.31505584716797,
    98.51160430908203,
    98.6847915649414,
    98.8479995727539,
    98.96805572509766,
    99.0844955444336,
    99.1868896484375,
    99.28055572509766,
    99.36707305908203,
    99.44220733642578,
    99.5080795288086,
    99.57256317138672,
    99.63094329833984,
    99.68156433105469,
    99.73100280761719,
    99.77518463134766,
    99.81088256835938,
    99.84374237060547,
    99.87317657470703,
    99.90047454833984,
    99.92264556884766,
    99.9424819946289,
    99.96117401123047,
    99.97325897216797,
    99.98355865478516,
    99.99227142333984,
    99.99864959716797,
    99.99981689453125,
    99.99990844726562,
    99.99996185302734,
    99.99998474121094,
    99.99999237060547,
    99.99999237060547,
    100.0,
    100.0,
    100.0,
    100.0,
    100.0,
    100.0,
    100.0,
    100.0,
    100.0,
    100.0,
    100.0,
    100.0,
    100.0,
    100.0,
    100.0
  ],
  "total_variance": 3211695.75
}