{
  "epoch": 30000,
  "singular_values": [
    1432.6416015625,
    465.6014099121094,
    396.7235107421875,
    275.49566650390625,
    262.63238525390625,
    207.7200164794922,
    197.78768920898438,
    175.31539916992188,
    144.0375518798828,
    136.63604736328125,
    126.23368072509766,
    121.80763244628906,
    111.4492416381836,
    103.87397003173828,
    98.819580078125,
    91.77246856689453,
    78.205078125,
    76.56499481201172,
    70.30912780761719,
    69.53768920898438,
    60.76370620727539,
    58.783260345458984,
    57.12175369262695,
    53.47773361206055,
    52.11454391479492,
    46.936729431152344,
    45.33602523803711,
    45.005306243896484,
    42.265533447265625,
    39.96310806274414,
    38.66217041015625,
    36.38248062133789,
    33.40470886230469,
    32.92689895629883,
    30.12156105041504,
    28.86585235595703,
    26.094343185424805,
    24.705211639404297,
    24.308483123779297,
    18.686368942260742,
    17.727022171020508,
    13.61341381072998,
    12.844234466552734,
    7.098598003387451,
    2.8320975303649902,
    2.356902599334717,
    1.6415995359420776,
    1.3440144062042236,
    0.9606349468231201,
    0.7269042134284973,
    0.5526449084281921,
    0.4019414484500885,
    0.39353466033935547,
    0.00010605229181237519,
    7.168557931436226e-05,
    7.168557931436226e-05,
    7.168557931436226e-05,
    7.168557931436226e-05,
    7.168557931436226e-05,
    7.168557931436226e-05,
    7.168557931436226e-05,
    7.168557931436226e-05,
    7.168557931436226e-05,
    7.168557931436226e-05
  ],
  "variance": [
    2052462.0,
    216784.671875,
    157389.546875,
    75897.859375,
    68975.7734375,
    43147.60546875,
    39119.96875,
    30735.48828125,
    20746.81640625,
    18669.41015625,
    15934.9423828125,
    14837.099609375,
    12420.93359375,
    10789.8017578125,
    9765.3095703125,
    8422.185546875,
    6116.0341796875,
    5862.1982421875,
    4943.37353515625,
    4835.490234375,
    3692.22802734375,
    3455.4716796875,
    3262.894775390625,
    2859.867919921875,
    2715.92578125,
    2203.056640625,
    2055.355224609375,
    2025.4775390625,
    1786.3753662109375,
    1597.050048828125,
    1494.763427734375,
    1323.6849365234375,
    1115.8746337890625,
    1084.1806640625,
    907.3084106445312,
    833.2374267578125,
    680.9147338867188,
    610.3474731445312,
    590.90234375,
    349.1803894042969,
    314.247314453125,
    185.32504272460938,
    164.974365234375,
    50.39009475708008,
    8.020776748657227,
    5.554989814758301,
    2.6948490142822266,
    1.8063746690750122,
    0.9228194952011108,
    0.5283897519111633,
    0.30541640520095825,
    0.1615569293498993,
    0.15486952662467957,
    1.1247088593790977e-08,
    5.138822256611775e-09,
    5.138822256611775e-09,
    5.138822256611775e-09,
    5.138822256611775e-09,
    5.138822256611775e-09,
    5.138822256611775e-09,
    5.138822256611775e-09,
    5.138822256611775e-09,
    5.138822256611775e-09,
    5.138822256611775e-09
  ],
  "cumulative_variance_pct": [
    71.93453979492188,
    79.53239440917969,
    85.04857635498047,
    87.70862579345703,
    90.12608337402344,
    91.6383285522461,
    93.0093994140625,
    94.08661651611328,
    94.8137435913086,
    95.46807098388672,
    96.02655792236328,
    96.54656982421875,
    96.98188781738281,
    97.36005401611328,
    97.70231628417969,
    97.99748992919922,
    98.21184539794922,
    98.41730499267578,
    98.59056091308594,
    98.7600326538086,
    98.88943481445312,
    99.01054382324219,
    99.12489318847656,
    99.22513580322266,
    99.32032012939453,
    99.39753723144531,
    99.46956634521484,
    99.54055786132812,
    99.6031723022461,
    99.65914154052734,
    99.71153259277344,
    99.75791931152344,
    99.79702758789062,
    99.83502960205078,
    99.86682891845703,
    99.89603424072266,
    99.9198989868164,
    99.9412841796875,
    99.96200561523438,
    99.97423553466797,
    99.98524475097656,
    99.99174499511719,
    99.99752807617188,
    99.9992904663086,
    99.99957275390625,
    99.99976348876953,
    99.9998550415039,
    99.99992370605469,
    99.99996185302734,
    99.9999771118164,
    99.99999237060547,
    99.99999237060547,
    100.0,
    100.0,
    100.0,
    100.0,
    100.0,
    100.0,
    100.0,
    100.0,
    100.0,
    100.0,
    100.0,
    100.0
  ],
  "total_variance": 2853235.75
}