{
  "epoch": 200000,
  "singular_values": [
    1581.593994140625,
    499.38873291015625,
    426.3207702636719,
    318.5211181640625,
    304.4464416503906,
    229.86483764648438,
    227.292236328125,
    201.47886657714844,
    166.92501831054688,
    159.63792419433594,
    144.20928955078125,
    137.13877868652344,
    126.081787109375,
    115.4002685546875,
    106.368896484375,
    98.20671081542969,
    84.87022399902344,
    84.2980728149414,
    78.77379608154297,
    76.266845703125,
    65.54120635986328,
    62.02925109863281,
    58.44743728637695,
    56.030067443847656,
    54.29148483276367,
    50.978939056396484,
    47.916725158691406,
    46.069637298583984,
    42.7782096862793,
    41.39598083496094,
    40.62326431274414,
    38.029541015625,
    34.22409439086914,
    32.43650817871094,
    31.637304306030273,
    29.461639404296875,
    26.714996337890625,
    25.386133193969727,
    24.29520606994629,
    19.840192794799805,
    18.313146591186523,
    16.907350540161133,
    14.909811973571777,
    7.740034580230713,
    0.4192550778388977,
    0.3410807251930237,
    0.11533285677433014,
    0.04297097399830818,
    0.0003770813927985728,
    7.97472384874709e-05,
    7.97472384874709e-05,
    7.97472384874709e-05,
    7.97472384874709e-05,
    7.97472384874709e-05,
    7.97472384874709e-05,
    7.97472384874709e-05,
    7.97472384874709e-05,
    7.97472384874709e-05,
    7.97472384874709e-05,
    7.97472384874709e-05,
    7.97472384874709e-05,
    7.97472384874709e-05,
    7.97472384874709e-05,
    7.422756607411429e-05
  ],
  "variance": [
    2501439.5,
    249389.109375,
    181749.40625,
    101455.703125,
    92687.6328125,
    52837.84375,
    51661.76171875,
    40593.734375,
    27863.9609375,
    25484.267578125,
    20796.318359375,
    18807.044921875,
    15896.6171875,
    13317.2216796875,
    11314.341796875,
    9644.5576171875,
    7202.955078125,
    7106.1650390625,
    6205.31103515625,
    5816.6318359375,
    4295.64990234375,
    3847.6279296875,
    3416.10302734375,
    3139.368408203125,
    2947.5654296875,
    2598.852294921875,
    2296.012451171875,
    2122.411376953125,
    1829.9752197265625,
    1713.627197265625,
    1650.2496337890625,
    1446.2459716796875,
    1171.2886962890625,
    1052.1270751953125,
    1000.9190063476562,
    867.9882202148438,
    713.6910400390625,
    644.4557495117188,
    590.2570190429688,
    393.63323974609375,
    335.371337890625,
    285.8584899902344,
    222.302490234375,
    59.90813446044922,
    0.17577482759952545,
    0.11633606255054474,
    0.013301667757332325,
    0.0018465046305209398,
    1.4219037325347017e-07,
    6.359622162221967e-09,
    6.359622162221967e-09,
    6.359622162221967e-09,
    6.359622162221967e-09,
    6.359622162221967e-09,
    6.359622162221967e-09,
    6.359622162221967e-09,
    6.359622162221967e-09,
    6.359622162221967e-09,
    6.359622162221967e-09,
    6.359622162221967e-09,
    6.359622162221967e-09,
    6.359622162221967e-09,
    6.359622162221967e-09,
    5.509731781927485e-09
  ],
  "cumulative_variance_pct": [
    71.88226318359375,
    79.04879760742188,
    84.27161407470703,
    87.18708038330078,
    89.8505859375,
    91.36895751953125,
    92.85353088378906,
    94.0200424194336,
    94.82074737548828,
    95.5530776977539,
    96.15068054199219,
    96.69113159179688,
    97.14794921875,
    97.53062438964844,
    97.85576629638672,
    98.1329116821289,
    98.33990478515625,
    98.54410552978516,
    98.72241973876953,
    98.88957214355469,
    99.01301574707031,
    99.12358093261719,
    99.22174835205078,
    99.31195831298828,
    99.39666748046875,
    99.47134399414062,
    99.53732299804688,
    99.59832000732422,
    99.6509017944336,
    99.70014190673828,
    99.74756622314453,
    99.78912353515625,
    99.82278442382812,
    99.85301971435547,
    99.88178253173828,
    99.90672302246094,
    99.92723083496094,
    99.94575500488281,
    99.96271514892578,
    99.97402954101562,
    99.9836654663086,
    99.99187469482422,
    99.9982681274414,
    99.99998474121094,
    99.99999237060547,
    99.99999237060547,
    100.0,
    100.0,
    100.0,
    100.0,
    100.0,
    100.0,
    100.0,
    100.0,
    100.0,
    100.0,
    100.0,
    100.0,
    100.0,
    100.0,
    100.0,
    100.0,
    100.0,
    100.0
  ],
  "total_variance": 3479912.0
}