{
  "epoch": 270000,
  "singular_values": [
    1591.3369140625,
    500.0982666015625,
    429.94561767578125,
    323.9649353027344,
    308.7098693847656,
    232.35440063476562,
    230.0299530029297,
    202.4253692626953,
    167.78343200683594,
    161.68850708007812,
    145.53057861328125,
    138.13323974609375,
    125.88714599609375,
    116.95454406738281,
    107.85228729248047,
    98.3349380493164,
    85.76424407958984,
    85.00043487548828,
    79.94585418701172,
    76.58090209960938,
    66.13774108886719,
    61.95120620727539,
    58.952518463134766,
    56.173072814941406,
    54.30157470703125,
    51.114051818847656,
    48.43748474121094,
    45.914180755615234,
    42.62413787841797,
    41.4052734375,
    41.042762756347656,
    37.925296783447266,
    34.10215759277344,
    32.50172805786133,
    31.801990509033203,
    29.5272216796875,
    26.719011306762695,
    25.560937881469727,
    24.23033905029297,
    20.156646728515625,
    18.04928207397461,
    16.911666870117188,
    15.060261726379395,
    8.037381172180176,
    0.28815320134162903,
    0.07289257645606995,
    0.02089918777346611,
    0.0003794042859226465,
    8.035302744247019e-05,
    8.035302744247019e-05,
    8.035302744247019e-05,
    8.035302744247019e-05,
    8.035302744247019e-05,
    8.035302744247019e-05,
    8.035302744247019e-05,
    8.035302744247019e-05,
    8.035302744247019e-05,
    8.035302744247019e-05,
    8.035302744247019e-05,
    8.035302744247019e-05,
    8.035302744247019e-05,
    8.035302744247019e-05,
    8.035302744247019e-05,
    8.035302744247019e-05
  ],
  "variance": [
    2532353.25,
    250098.28125,
    184853.234375,
    104953.28125,
    95301.78125,
    53988.56640625,
    52913.77734375,
    40976.03125,
    28151.279296875,
    26143.173828125,
    21179.1484375,
    19080.791015625,
    15847.5732421875,
    13678.365234375,
    11632.1162109375,
    9669.759765625,
    7355.50537109375,
    7225.07373046875,
    6391.33984375,
    5864.634765625,
    4374.20068359375,
    3837.951904296875,
    3475.3994140625,
    3155.4140625,
    2948.6611328125,
    2612.646240234375,
    2346.18994140625,
    2108.112060546875,
    1816.817138671875,
    1714.396728515625,
    1684.5084228515625,
    1438.328125,
    1162.9571533203125,
    1056.3623046875,
    1011.3665771484375,
    871.8568115234375,
    713.9055786132812,
    653.361572265625,
    587.1093139648438,
    406.2904052734375,
    325.7765808105469,
    286.0044860839844,
    226.8114776611328,
    64.59949493408203,
    0.0830322653055191,
    0.0053133275359869,
    0.0004367760557215661,
    1.4394761649327847e-07,
    6.456609025207172e-09,
    6.456609025207172e-09,
    6.456609025207172e-09,
    6.456609025207172e-09,
    6.456609025207172e-09,
    6.456609025207172e-09,
    6.456609025207172e-09,
    6.456609025207172e-09,
    6.456609025207172e-09,
    6.456609025207172e-09,
    6.456609025207172e-09,
    6.456609025207172e-09,
    6.456609025207172e-09,
    6.456609025207172e-09,
    6.456609025207172e-09,
    6.456609025207172e-09
  ],
  "cumulative_variance_pct": [
    71.80851745605469,
    78.9004135131836,
    84.14219665527344,
    87.11829376220703,
    89.82070922851562,
    91.35163879394531,
    92.85208892822266,
    94.0140151977539,
    94.81229400634766,
    95.55361938476562,
    96.1541748046875,
    96.69524383544922,
    97.1446304321289,
    97.5324935913086,
    97.86234283447266,
    98.13654327392578,
    98.3451156616211,
    98.54999542236328,
    98.7312240600586,
    98.89752960205078,
    99.02156829833984,
    99.1303939819336,
    99.22895050048828,
    99.31842803955078,
    99.40203094482422,
    99.47611999511719,
    99.54265594482422,
    99.60243225097656,
    99.65394592285156,
    99.70256042480469,
    99.75032806396484,
    99.79110717773438,
    99.82408905029297,
    99.85404968261719,
    99.88272094726562,
    99.90745544433594,
    99.92769622802734,
    99.94622802734375,
    99.9628677368164,
    99.9743881225586,
    99.98362731933594,
    99.99172973632812,
    99.9981689453125,
    100.0,
    100.0,
    100.0,
    100.0,
    100.0,
    100.0,
    100.0,
    100.0,
    100.0,
    100.0,
    100.0,
    100.0,
    100.0,
    100.0,
    100.0,
    100.0,
    100.0,
    100.0,
    100.0,
    100.0,
    100.0
  ],
  "total_variance": 3526536.0
}