{
  "epoch": 220000,
  "singular_values": [
    1587.6610107421875,
    500.50030517578125,
    428.26824951171875,
    320.84332275390625,
    306.580322265625,
    231.15086364746094,
    228.4764404296875,
    202.21214294433594,
    167.4357147216797,
    160.59278869628906,
    144.86880493164062,
    137.63601684570312,
    126.1618423461914,
    116.00726318359375,
    106.9906005859375,
    98.36284637451172,
    85.10491180419922,
    84.7215805053711,
    79.23606872558594,
    76.40316772460938,
    65.769775390625,
    62.084716796875,
    58.629478454589844,
    56.128578186035156,
    54.34843444824219,
    51.05321502685547,
    48.11369705200195,
    46.041297912597656,
    42.7345085144043,
    41.40800476074219,
    40.81264114379883,
    38.017704010009766,
    34.18888854980469,
    32.4559326171875,
    31.703020095825195,
    29.49124526977539,
    26.743160247802734,
    25.472490310668945,
    24.280704498291016,
    19.946090698242188,
    18.253305435180664,
    16.93621826171875,
    14.972463607788086,
    7.820909023284912,
    0.3641997277736664,
    0.09284511208534241,
    0.03247520700097084,
    0.0003785278822761029,
    8.009647717699409e-05,
    8.009647717699409e-05,
    8.009647717699409e-05,
    8.009647717699409e-05,
    8.009647717699409e-05,
    8.009647717699409e-05,
    8.009647717699409e-05,
    8.009647717699409e-05,
    8.009647717699409e-05,
    8.009647717699409e-05,
    8.009647717699409e-05,
    8.009647717699409e-05,
    8.009647717699409e-05,
    8.009647717699409e-05,
    8.009647717699409e-05,
    8.009647717699409e-05
  ],
  "variance": [
    2520667.5,
    250500.5625,
    183413.6875,
    102940.4375,
    93991.4921875,
    53430.72265625,
    52201.484375,
    40889.75,
    28034.71875,
    25790.04296875,
    20986.970703125,
    18943.673828125,
    15916.810546875,
    13457.685546875,
    11446.98828125,
    9675.25,
    7242.84619140625,
    7177.74609375,
    6278.3544921875,
    5837.44384765625,
    4325.66357421875,
    3854.511962890625,
    3437.415771484375,
    3150.417236328125,
    2953.75244140625,
    2606.4306640625,
    2314.927734375,
    2119.801025390625,
    1826.2381591796875,
    1714.622802734375,
    1665.671630859375,
    1445.3458251953125,
    1168.880126953125,
    1053.3875732421875,
    1005.0814819335938,
    869.7335205078125,
    715.1965942382812,
    648.8477783203125,
    589.5526123046875,
    397.8465270996094,
    333.18316650390625,
    286.8354797363281,
    224.17466735839844,
    61.16661834716797,
    0.13264143466949463,
    0.008620214648544788,
    0.0010546391131356359,
    1.432833585113258e-07,
    6.41544550816775e-09,
    6.41544550816775e-09,
    6.41544550816775e-09,
    6.41544550816775e-09,
    6.41544550816775e-09,
    6.41544550816775e-09,
    6.41544550816775e-09,
    6.41544550816775e-09,
    6.41544550816775e-09,
    6.41544550816775e-09,
    6.41544550816775e-09,
    6.41544550816775e-09,
    6.41544550816775e-09,
    6.41544550816775e-09,
    6.41544550816775e-09,
    6.41544550816775e-09
  ],
  "cumulative_variance_pct": [
    71.86316680908203,
    79.00483703613281,
    84.23387908935547,
    87.16867065429688,
    89.84832763671875,
    91.37162017822266,
    92.85986328125,
    94.0256118774414,
    94.82485961914062,
    95.56013488769531,
    96.15845489501953,
    96.69853210449219,
    97.15231323242188,
    97.5359878540039,
    97.86233520507812,
    98.13817596435547,
    98.34465789794922,
    98.5492935180664,
    98.7282943725586,
    98.89472198486328,
    99.01803588867188,
    99.1279296875,
    99.2259292602539,
    99.31575012207031,
    99.39996337890625,
    99.4742660522461,
    99.5402603149414,
    99.60069274902344,
    99.65276336669922,
    99.70165252685547,
    99.74913024902344,
    99.79034423828125,
    99.82366180419922,
    99.85369110107422,
    99.8823471069336,
    99.90714263916016,
    99.92753601074219,
    99.94603729248047,
    99.96284484863281,
    99.97418212890625,
    99.98368835449219,
    99.99185943603516,
    99.99825286865234,
    99.99999237060547,
    100.0,
    100.0,
    100.0,
    100.0,
    100.0,
    100.0,
    100.0,
    100.0,
    100.0,
    100.0,
    100.0,
    100.0,
    100.0,
    100.0,
    100.0,
    100.0,
    100.0,
    100.0,
    100.0,
    100.0
  ],
  "total_variance": 3507593.0
}