{
  "epoch": 190000,
  "singular_values": [
    1583.1763916015625,
    500.7241516113281,
    426.6618347167969,
    318.10369873046875,
    304.2398681640625,
    229.77394104003906,
    227.17657470703125,
    201.6497039794922,
    167.03147888183594,
    159.4468994140625,
    144.11643981933594,
    137.1009979248047,
    126.22476959228516,
    115.2740707397461,
    106.22501373291016,
    98.17900085449219,
    84.8485336303711,
    84.17313385009766,
    78.68293762207031,
    76.27842712402344,
    65.5229721069336,
    62.1123046875,
    58.41354751586914,
    56.1026725769043,
    54.27355194091797,
    50.978755950927734,
    47.85452651977539,
    46.0944709777832,
    42.83586502075195,
    41.411285400390625,
    40.59304428100586,
    38.06895065307617,
    34.26835250854492,
    32.47004318237305,
    31.619400024414062,
    29.490589141845703,
    26.751638412475586,
    25.368022918701172,
    24.329683303833008,
    19.815902709960938,
    18.346572875976562,
    16.92787742614746,
    14.879471778869629,
    7.7031145095825195,
    0.4418879449367523,
    0.37087586522102356,
    0.1120467483997345,
    0.034858450293540955,
    0.011801625601947308,
    7.977577479323372e-05,
    7.977577479323372e-05,
    7.977577479323372e-05,
    7.977577479323372e-05,
    7.977577479323372e-05,
    7.977577479323372e-05,
    7.977577479323372e-05,
    7.977577479323372e-05,
    7.977577479323372e-05,
    7.977577479323372e-05,
    7.977577479323372e-05,
    7.977577479323372e-05,
    7.977577479323372e-05,
    7.977577479323372e-05,
    7.977577479323372e-05
  ],
  "variance": [
    2506447.5,
    250724.671875,
    182040.328125,
    101189.9609375,
    92561.8984375,
    52796.0625,
    51609.1953125,
    40662.6015625,
    27899.515625,
    25423.314453125,
    20769.548828125,
    18796.68359375,
    15932.6923828125,
    13288.111328125,
    11283.75390625,
    9639.1162109375,
    7199.2734375,
    7085.11669921875,
    6191.0048828125,
    5818.3984375,
    4293.259765625,
    3857.9384765625,
    3412.142578125,
    3147.509765625,
    2945.618408203125,
    2598.83349609375,
    2290.0556640625,
    2124.7001953125,
    1834.911376953125,
    1714.89453125,
    1647.7952880859375,
    1449.2449951171875,
    1174.3199462890625,
    1054.3037109375,
    999.7864379882812,
    869.69482421875,
    715.650146484375,
    643.5365600585938,
    591.9334716796875,
    392.6700134277344,
    336.59674072265625,
    286.55303955078125,
    221.398681640625,
    59.337974548339844,
    0.19526495039463043,
    0.13754890859127045,
    0.012554474174976349,
    0.0012151115806773305,
    0.0001392783597111702,
    6.3641740766229304e-09,
    6.3641740766229304e-09,
    6.3641740766229304e-09,
    6.3641740766229304e-09,
    6.3641740766229304e-09,
    6.3641740766229304e-09,
    6.3641740766229304e-09,
    6.3641740766229304e-09,
    6.3641740766229304e-09,
    6.3641740766229304e-09,
    6.3641740766229304e-09,
    6.3641740766229304e-09,
    6.3641740766229304e-09,
    6.3641740766229304e-09,
    6.3641740766229304e-09
  ],
  "cumulative_variance_pct": [
    71.89994812011719,
    79.09223175048828,
    84.31423950195312,
    87.21697235107422,
    89.87220001220703,
    91.38671112060547,
    92.86717224121094,
    94.03362274169922,
    94.83394622802734,
    95.56324005126953,
    96.15902709960938,
    96.69823455810547,
    97.15528106689453,
    97.53646087646484,
    97.86014556884766,
    98.13665771484375,
    98.34317779541016,
    98.54641723632812,
    98.72401428222656,
    98.89091491699219,
    99.01407623291016,
    99.12474822998047,
    99.22262573242188,
    99.31291198730469,
    99.39741516113281,
    99.47196197509766,
    99.53765106201172,
    99.59860229492188,
    99.6512451171875,
    99.70043182373047,
    99.7477035522461,
    99.78927612304688,
    99.82295989990234,
    99.85320281982422,
    99.88188934326172,
    99.9068374633789,
    99.9273681640625,
    99.9458236694336,
    99.96280670166016,
    99.97406768798828,
    99.98372650146484,
    99.99195098876953,
    99.99829864501953,
    100.0,
    100.00001525878906,
    100.00001525878906,
    100.00001525878906,
    100.00001525878906,
    100.00001525878906,
    100.00001525878906,
    100.00001525878906,
    100.00001525878906,
    100.00001525878906,
    100.00001525878906,
    100.00001525878906,
    100.00001525878906,
    100.00001525878906,
    100.00001525878906,
    100.00001525878906,
    100.00001525878906,
    100.00001525878906,
    100.00001525878906,
    100.00001525878906,
    100.00001525878906
  ],
  "total_variance": 3486021.5
}