{
  "epoch": 130000,
  "singular_values": [
    1564.19580078125,
    502.1070251464844,
    420.27410888671875,
    310.9486999511719,
    296.5893859863281,
    225.4903564453125,
    222.33285522460938,
    199.73028564453125,
    164.4583282470703,
    155.4041290283203,
    141.37290954589844,
    134.2523193359375,
    126.03443908691406,
    113.51904296875,
    103.92320251464844,
    96.87078857421875,
    84.29914093017578,
    82.14859008789062,
    76.99998474121094,
    76.08405303955078,
    64.89257049560547,
    61.926692962646484,
    57.79694747924805,
    56.02833938598633,
    53.47113037109375,
    50.7532958984375,
    47.02976608276367,
    46.12689208984375,
    43.116764068603516,
    41.343605041503906,
    39.991180419921875,
    38.13901138305664,
    34.374576568603516,
    32.55122756958008,
    31.308324813842773,
    29.540145874023438,
    26.827409744262695,
    25.083641052246094,
    24.487424850463867,
    19.77927017211914,
    18.26346778869629,
    16.8259220123291,
    14.589101791381836,
    7.138617038726807,
    0.8035160899162292,
    0.6264916658401489,
    0.20320440828800201,
    0.07303568720817566,
    0.05516095086932182,
    0.05418786779046059,
    0.022059669718146324,
    7.856321462895721e-05,
    7.856321462895721e-05,
    7.856321462895721e-05,
    7.856321462895721e-05,
    7.856321462895721e-05,
    7.856321462895721e-05,
    7.856321462895721e-05,
    7.856321462895721e-05,
    7.856321462895721e-05,
    7.856321462895721e-05,
    7.856321462895721e-05,
    7.856321462895721e-05,
    7.853665738366544e-05
  ],
  "variance": [
    2446708.5,
    252111.46875,
    176630.328125,
    96689.09375,
    87965.265625,
    50845.90234375,
    49431.8984375,
    39892.1875,
    27046.541015625,
    24150.443359375,
    19986.298828125,
    18023.685546875,
    15884.6796875,
    12886.5732421875,
    10800.0322265625,
    9383.94921875,
    7106.34521484375,
    6748.390625,
    5928.99755859375,
    5788.783203125,
    4211.0458984375,
    3834.915283203125,
    3340.487060546875,
    3139.1748046875,
    2859.161865234375,
    2575.89697265625,
    2211.798828125,
    2127.690185546875,
    1859.0552978515625,
    1709.293701171875,
    1599.2945556640625,
    1454.584228515625,
    1181.611572265625,
    1059.5823974609375,
    980.211181640625,
    872.6202392578125,
    719.7098999023438,
    629.1890258789062,
    599.6339721679688,
    391.21954345703125,
    333.55426025390625,
    283.1116638183594,
    212.84188842773438,
    50.95985412597656,
    0.645638108253479,
    0.39249181747436523,
    0.04129203036427498,
    0.005334211513400078,
    0.003042730502784252,
    0.0029363250359892845,
    0.00048662902554497123,
    6.172178768082404e-09,
    6.172178768082404e-09,
    6.172178768082404e-09,
    6.172178768082404e-09,
    6.172178768082404e-09,
    6.172178768082404e-09,
    6.172178768082404e-09,
    6.172178768082404e-09,
    6.172178768082404e-09,
    6.172178768082404e-09,
    6.172178768082404e-09,
    6.172178768082404e-09,
    6.168006549955862e-09
  ],
  "cumulative_variance_pct": [
    71.91448974609375,
    79.32463073730469,
    84.5162124633789,
    87.3581314086914,
    89.94364166259766,
    91.43811798095703,
    92.89103698730469,
    94.06356048583984,
    94.8585205078125,
    95.56836700439453,
    96.15580749511719,
    96.68556213378906,
    97.15245056152344,
    97.53121185302734,
    97.84866333007812,
    98.12446594238281,
    98.33334350585938,
    98.53169250488281,
    98.70596313476562,
    98.8760986328125,
    98.9998779296875,
    99.11259460449219,
    99.21077728271484,
    99.30304718017578,
    99.38709259033203,
    99.46279907226562,
    99.5278091430664,
    99.59033966064453,
    99.64498138427734,
    99.69522857666016,
    99.74223327636719,
    99.78498840332031,
    99.81971740722656,
    99.85086059570312,
    99.87967681884766,
    99.90531921386719,
    99.92647552490234,
    99.94497680664062,
    99.96259307861328,
    99.97409057617188,
    99.98389434814453,
    99.99221801757812,
    99.99847412109375,
    99.99996948242188,
    99.99999237060547,
    100.0,
    100.0,
    100.0,
    100.0,
    100.0,
    100.0,
    100.0,
    100.0,
    100.0,
    100.0,
    100.0,
    100.0,
    100.0,
    100.0,
    100.0,
    100.0,
    100.0,
    100.0,
    100.0
  ],
  "total_variance": 3402247.0
}