{
  "epoch": 280000,
  "singular_values": [
    1592.1231689453125,
    500.1832580566406,
    430.33941650390625,
    324.53741455078125,
    309.1058044433594,
    232.50096130371094,
    230.28892517089844,
    202.49774169921875,
    167.88052368164062,
    161.8817596435547,
    145.6525115966797,
    138.2111358642578,
    125.8325424194336,
    117.13330078125,
    107.98831176757812,
    98.30487823486328,
    85.88958740234375,
    85.02619934082031,
    80.0667495727539,
    76.62254333496094,
    66.2148208618164,
    61.9286003112793,
    59.00802993774414,
    56.18921661376953,
    54.294193267822266,
    51.128231048583984,
    48.4991340637207,
    45.8930549621582,
    42.601776123046875,
    41.405948638916016,
    41.07939910888672,
    37.913299560546875,
    34.090755462646484,
    32.51823425292969,
    31.817119598388672,
    29.537172317504883,
    26.710948944091797,
    25.576278686523438,
    24.215377807617188,
    20.197956085205078,
    18.015274047851562,
    16.902189254760742,
    15.073472023010254,
    8.078607559204102,
    0.277336984872818,
    0.07018228620290756,
    0.019708549603819847,
    0.00037959174369461834,
    8.039436215767637e-05,
    8.039436215767637e-05,
    8.039436215767637e-05,
    8.039436215767637e-05,
    8.039436215767637e-05,
    8.039436215767637e-05,
    8.039436215767637e-05,
    8.039436215767637e-05,
    8.039436215767637e-05,
    8.039436215767637e-05,
    8.039436215767637e-05,
    8.039436215767637e-05,
    8.039436215767637e-05,
    8.039436215767637e-05,
    8.039436215767637e-05,
    8.039436215767637e-05
  ],
  "variance": [
    2534856.25,
    250183.296875,
    185192.015625,
    105324.53125,
    95546.3984375,
    54056.6953125,
    53032.98828125,
    41005.3359375,
    28183.87109375,
    26205.705078125,
    21214.654296875,
    19102.318359375,
    15833.8291015625,
    13720.2099609375,
    11661.4755859375,
    9663.8486328125,
    7377.02099609375,
    7229.45458984375,
    6410.6845703125,
    5871.01416015625,
    4384.40234375,
    3835.151611328125,
    3481.947509765625,
    3157.22802734375,
    2947.859375,
    2614.095947265625,
    2352.166015625,
    2106.172607421875,
    1814.911376953125,
    1714.45263671875,
    1687.51708984375,
    1437.4183349609375,
    1162.1795654296875,
    1057.435546875,
    1012.3291015625,
    872.4445190429688,
    713.4747924804688,
    654.1460571289062,
    586.384521484375,
    407.9574279785156,
    324.55010986328125,
    285.6839904785156,
    227.20956420898438,
    65.26390075683594,
    0.07691580057144165,
    0.004925553221255541,
    0.0003884269390255213,
    1.4408989557068708e-07,
    6.463253487964948e-09,
    6.463253487964948e-09,
    6.463253487964948e-09,
    6.463253487964948e-09,
    6.463253487964948e-09,
    6.463253487964948e-09,
    6.463253487964948e-09,
    6.463253487964948e-09,
    6.463253487964948e-09,
    6.463253487964948e-09,
    6.463253487964948e-09,
    6.463253487964948e-09,
    6.463253487964948e-09,
    6.463253487964948e-09,
    6.463253487964948e-09,
    6.463253487964948e-09
  ],
  "cumulative_variance_pct": [
    71.79727935791016,
    78.88347625732422,
    84.12886047363281,
    87.11206817626953,
    89.81832885742188,
    91.34942626953125,
    92.8515396118164,
    94.01296997070312,
    94.8112564086914,
    95.55349731445312,
    96.15438842773438,
    96.69544219970703,
    97.1439208984375,
    97.53253173828125,
    97.86283111572266,
    98.13655090332031,
    98.34549713134766,
    98.55026245117188,
    98.7318344116211,
    98.89812469482422,
    99.02230834960938,
    99.13094329833984,
    99.22955322265625,
    99.31898498535156,
    99.40248107910156,
    99.47652435302734,
    99.54315185546875,
    99.60279846191406,
    99.65420532226562,
    99.70276641845703,
    99.75056457519531,
    99.7912826538086,
    99.82418823242188,
    99.8541488647461,
    99.88282012939453,
    99.90753173828125,
    99.92774200439453,
    99.9462661743164,
    99.96287536621094,
    99.97442626953125,
    99.9836196899414,
    99.99171447753906,
    99.99815368652344,
    100.0,
    100.0,
    100.0,
    100.0,
    100.0,
    100.0,
    100.0,
    100.0,
    100.0,
    100.0,
    100.0,
    100.0,
    100.0,
    100.0,
    100.0,
    100.0,
    100.0,
    100.0,
    100.0,
    100.0,
    100.0
  ],
  "total_variance": 3530574.0
}