{
  "epoch": 50000,
  "singular_values": [
    1503.215087890625,
    491.5023193359375,
    413.2327880859375,
    290.46502685546875,
    276.5037536621094,
    216.0188751220703,
    206.06419372558594,
    188.94554138183594,
    151.49655151367188,
    143.1810760498047,
    131.2700958251953,
    125.6462173461914,
    117.36750030517578,
    108.41014862060547,
    100.1170883178711,
    93.4348373413086,
    82.90430450439453,
    79.03364562988281,
    73.38700103759766,
    71.67820739746094,
    61.77690124511719,
    60.648197174072266,
    57.2773323059082,
    54.83220672607422,
    52.7520637512207,
    48.659637451171875,
    45.69050216674805,
    45.252342224121094,
    43.10756301879883,
    40.08129119873047,
    39.751766204833984,
    37.3494987487793,
    33.70404815673828,
    32.5428352355957,
    30.496912002563477,
    29.4593505859375,
    26.704469680786133,
    25.11148452758789,
    24.432592391967773,
    19.322824478149414,
    18.182415008544922,
    16.490619659423828,
    14.224963188171387,
    6.279707908630371,
    2.023841619491577,
    1.6658395528793335,
    1.0562230348587036,
    0.5434140563011169,
    0.5408838391304016,
    0.4826432466506958,
    0.349154531955719,
    0.20524896681308746,
    0.015068487264215946,
    0.0003583944053389132,
    7.529807044193149e-05,
    7.529807044193149e-05,
    7.529807044193149e-05,
    7.529807044193149e-05,
    7.529807044193149e-05,
    7.529807044193149e-05,
    7.529807044193149e-05,
    7.529807044193149e-05,
    7.529807044193149e-05,
    7.529807044193149e-05
  ],
  "variance": [
    2259655.5,
    241574.53125,
    170761.34375,
    84369.9296875,
    76454.328125,
    46664.15625,
    42462.453125,
    35700.41796875,
    22951.205078125,
    20500.8203125,
    17231.837890625,
    15786.9716796875,
    13775.1298828125,
    11752.7607421875,
    10023.431640625,
    8730.068359375,
    6873.12353515625,
    6246.3173828125,
    5385.65185546875,
    5137.765625,
    3816.385498046875,
    3678.203857421875,
    3280.69287109375,
    3006.57080078125,
    2782.7802734375,
    2367.76025390625,
    2087.6220703125,
    2047.7745361328125,
    1858.261962890625,
    1606.5098876953125,
    1580.202880859375,
    1394.985107421875,
    1135.962890625,
    1059.0361328125,
    930.0616455078125,
    867.8533325195312,
    713.1287231445312,
    630.586669921875,
    596.9515991210938,
    373.3715515136719,
    330.6002197265625,
    271.9405517578125,
    202.34957885742188,
    39.434730529785156,
    4.095934867858887,
    2.7750213146209717,
    1.1156071424484253,
    0.29529884457588196,
    0.2925553321838379,
    0.23294450342655182,
    0.12190888822078705,
    0.04212713986635208,
    0.00022705931041855365,
    1.2844654406762857e-07,
    5.6697992967258415e-09,
    5.6697992967258415e-09,
    5.6697992967258415e-09,
    5.6697992967258415e-09,
    5.6697992967258415e-09,
    5.6697992967258415e-09,
    5.6697992967258415e-09,
    5.6697992967258415e-09,
    5.6697992967258415e-09,
    5.6697992967258415e-09
  ],
  "cumulative_variance_pct": [
    71.99323272705078,
    79.68985748291016,
    85.13036346435547,
    87.81840515136719,
    90.2542724609375,
    91.74099731445312,
    93.09386444091797,
    94.23129272460938,
    94.96251678466797,
    95.61568450927734,
    96.16468811035156,
    96.66767120361328,
    97.1065444946289,
    97.48100280761719,
    97.80034637451172,
    98.0784912109375,
    98.2974624633789,
    98.49647521972656,
    98.66806030273438,
    98.83175659179688,
    98.9533462524414,
    99.0705337524414,
    99.17505645751953,
    99.27084350585938,
    99.35951232910156,
    99.43495178222656,
    99.50145721435547,
    99.56669616699219,
    99.62590026855469,
    99.67708587646484,
    99.72743225097656,
    99.77188110351562,
    99.80807495117188,
    99.84181213378906,
    99.87144470214844,
    99.89910125732422,
    99.92181396484375,
    99.94190216064453,
    99.96092224121094,
    99.97282409667969,
    99.98335266113281,
    99.99201965332031,
    99.99845886230469,
    99.99971771240234,
    99.99984741210938,
    99.99994659423828,
    99.9999771118164,
    99.99998474121094,
    99.99999237060547,
    100.0,
    100.00001525878906,
    100.00001525878906,
    100.00001525878906,
    100.00001525878906,
    100.00001525878906,
    100.00001525878906,
    100.00001525878906,
    100.00001525878906,
    100.00001525878906,
    100.00001525878906,
    100.00001525878906,
    100.00001525878906,
    100.00001525878906,
    100.00001525878906
  ],
  "total_variance": 3138705.5
}