{
  "epoch": 90000,
  "singular_values": [
    1550.745361328125,
    506.35357666015625,
    417.3568115234375,
    305.3818054199219,
    290.9716796875,
    223.51756286621094,
    218.2941131591797,
    199.11216735839844,
    161.44480895996094,
    151.14414978027344,
    138.99029541015625,
    130.46253967285156,
    125.23619079589844,
    112.25557708740234,
    102.01349639892578,
    95.82115173339844,
    84.1435317993164,
    80.19180297851562,
    76.53387451171875,
    74.80033874511719,
    63.95989227294922,
    61.59915542602539,
    57.54824447631836,
    55.5421257019043,
    52.80646896362305,
    50.31332778930664,
    46.54503631591797,
    46.09502029418945,
    43.3636589050293,
    41.061580657958984,
    39.85733413696289,
    38.07791519165039,
    34.21092224121094,
    32.514060974121094,
    31.1129150390625,
    29.653945922851562,
    26.720659255981445,
    25.188318252563477,
    24.65392303466797,
    19.95798683166504,
    18.114076614379883,
    16.772178649902344,
    14.422224044799805,
    6.424195766448975,
    1.1115028858184814,
    0.7627084255218506,
    0.30404433608055115,
    0.2719866633415222,
    0.20726577937602997,
    0.15802355110645294,
    0.05535554513335228,
    0.016253449022769928,
    7.761082815704867e-05,
    7.761082815704867e-05,
    7.761082815704867e-05,
    7.761082815704867e-05,
    7.761082815704867e-05,
    7.761082815704867e-05,
    7.761082815704867e-05,
    7.761082815704867e-05,
    7.761082815704867e-05,
    7.761082815704867e-05,
    7.761082815704867e-05,
    7.75861190049909e-05
  ],
  "variance": [
    2404811.25,
    256393.9375,
    174186.703125,
    93258.046875,
    84664.515625,
    49960.1015625,
    47652.3203125,
    39645.65625,
    26064.42578125,
    22844.5546875,
    19318.302734375,
    17020.474609375,
    15684.103515625,
    12601.314453125,
    10406.75390625,
    9181.693359375,
    7080.1337890625,
    6430.72509765625,
    5857.43408203125,
    5595.0908203125,
    4090.867919921875,
    3794.4560546875,
    3311.800537109375,
    3084.927734375,
    2788.523193359375,
    2531.430908203125,
    2166.4404296875,
    2124.7509765625,
    1880.4068603515625,
    1686.053466796875,
    1588.6070556640625,
    1449.9276123046875,
    1170.38720703125,
    1057.1641845703125,
    968.0134887695312,
    879.3565063476562,
    713.99365234375,
    634.4513549804688,
    607.81591796875,
    398.32122802734375,
    328.1197814941406,
    281.30596923828125,
    208.00054931640625,
    41.27029037475586,
    1.2354387044906616,
    0.5817241668701172,
    0.09244295954704285,
    0.07397674769163132,
    0.042959101498126984,
    0.02497144229710102,
    0.003064236370846629,
    0.0002641745959408581,
    6.023440857205742e-09,
    6.023440857205742e-09,
    6.023440857205742e-09,
    6.023440857205742e-09,
    6.023440857205742e-09,
    6.023440857205742e-09,
    6.023440857205742e-09,
    6.023440857205742e-09,
    6.023440857205742e-09,
    6.023440857205742e-09,
    6.023440857205742e-09,
    6.019605702789477e-09
  ],
  "cumulative_variance_pct": [
    71.86164093017578,
    79.52332305908203,
    84.72844696044922,
    87.51522827148438,
    90.04520416259766,
    91.53813934326172,
    92.96211242675781,
    94.14681243896484,
    94.9256820678711,
    95.60833740234375,
    96.18561553955078,
    96.69422149658203,
    97.16291046142578,
    97.53946685791016,
    97.8504409790039,
    98.12481689453125,
    98.33638763427734,
    98.52854919433594,
    98.7035903930664,
    98.87078094482422,
    98.99302673339844,
    99.10641479492188,
    99.20538330078125,
    99.29756164550781,
    99.38088989257812,
    99.45653533935547,
    99.52127075195312,
    99.58477020263672,
    99.64096069335938,
    99.69134521484375,
    99.73881530761719,
    99.78214263916016,
    99.81710815429688,
    99.84870910644531,
    99.87763214111328,
    99.9039077758789,
    99.92524719238281,
    99.94420623779297,
    99.96237182617188,
    99.9742660522461,
    99.98406982421875,
    99.99248504638672,
    99.99870300292969,
    99.99993133544922,
    99.99996948242188,
    99.99998474121094,
    99.99998474121094,
    99.99999237060547,
    99.99999237060547,
    99.99999237060547,
    99.99999237060547,
    99.99999237060547,
    99.99999237060547,
    99.99999237060547,
    99.99999237060547,
    99.99999237060547,
    99.99999237060547,
    99.99999237060547,
    99.99999237060547,
    99.99999237060547,
    99.99999237060547,
    99.99999237060547,
    99.99999237060547,
    99.99999237060547
  ],
  "total_variance": 3346446.25
}