{
  "epoch": 180000,
  "singular_values": [
    1580.27099609375,
    500.6632995605469,
    425.6766662597656,
    316.9854431152344,
    303.198486328125,
    229.10397338867188,
    226.46847534179688,
    201.3180694580078,
    166.7863311767578,
    158.8412322998047,
    143.7935028076172,
    136.79466247558594,
    126.20832061767578,
    114.98479461669922,
    105.87067413330078,
    98.02523803710938,
    84.76070404052734,
    83.9012451171875,
    78.4251708984375,
    76.20123291015625,
    65.41072082519531,
    62.100914001464844,
    58.306312561035156,
    56.09196090698242,
    54.21025466918945,
    50.94697952270508,
    47.74925231933594,
    46.09888458251953,
    42.868343353271484,
    41.409278869628906,
    40.495235443115234,
    38.08595275878906,
    34.2942008972168,
    32.469482421875,
    31.571149826049805,
    29.496549606323242,
    26.762813568115234,
    25.322484970092773,
    24.34680938720703,
    19.771041870117188,
    18.364734649658203,
    16.920202255249023,
    14.835087776184082,
    7.662703514099121,
    0.46964308619499207,
    0.41858041286468506,
    0.12197946012020111,
    0.03623742237687111,
    0.01014669518917799,
    9.235183097189292e-05,
    7.95859086792916e-05,
    7.95859086792916e-05,
    7.95859086792916e-05,
    7.95859086792916e-05,
    7.95859086792916e-05,
    7.95859086792916e-05,
    7.95859086792916e-05,
    7.95859086792916e-05,
    7.95859086792916e-05,
    7.95859086792916e-05,
    7.95859086792916e-05,
    7.95859086792916e-05,
    7.95859086792916e-05,
    7.95859086792916e-05
  ],
  "variance": [
    2497256.5,
    250663.734375,
    181200.625,
    100479.7734375,
    91929.3203125,
    52488.62890625,
    51287.96875,
    40528.96484375,
    27817.6796875,
    25230.537109375,
    20676.572265625,
    18712.779296875,
    15928.5400390625,
    13221.5029296875,
    11208.599609375,
    9608.947265625,
    7184.376953125,
    7039.4189453125,
    6150.50732421875,
    5806.6279296875,
    4278.5625,
    3856.5234375,
    3399.6259765625,
    3146.30810546875,
    2938.751708984375,
    2595.5947265625,
    2279.9912109375,
    2125.107177734375,
    1837.69482421875,
    1714.7283935546875,
    1639.8641357421875,
    1450.539794921875,
    1176.0921630859375,
    1054.267333984375,
    996.7374877929688,
    870.0464477539062,
    716.2481689453125,
    641.228271484375,
    592.7671508789062,
    390.89410400390625,
    337.26348876953125,
    286.2932434082031,
    220.079833984375,
    58.71702575683594,
    0.22056463360786438,
    0.17520956695079803,
    0.014878988265991211,
    0.0013131507439538836,
    0.0001029554259730503,
    8.52886028468447e-09,
    6.333916946488216e-09,
    6.333916946488216e-09,
    6.333916946488216e-09,
    6.333916946488216e-09,
    6.333916946488216e-09,
    6.333916946488216e-09,
    6.333916946488216e-09,
    6.333916946488216e-09,
    6.333916946488216e-09,
    6.333916946488216e-09,
    6.333916946488216e-09,
    6.333916946488216e-09,
    6.333916946488216e-09,
    6.333916946488216e-09
  ],
  "cumulative_variance_pct": [
    71.90435028076172,
    79.12179565429688,
    84.33915710449219,
    87.23231506347656,
    89.87926483154297,
    91.39058685302734,
    92.86734008789062,
    94.0343017578125,
    94.83526611328125,
    95.56173706054688,
    96.1570816040039,
    96.69588470458984,
    97.15452575683594,
    97.53521728515625,
    97.85794830322266,
    98.13462829589844,
    98.34148406982422,
    98.54417419433594,
    98.72126770019531,
    98.88845825195312,
    99.01165008544922,
    99.12269592285156,
    99.2205810546875,
    99.31116485595703,
    99.39579010009766,
    99.47052764892578,
    99.53617095947266,
    99.59735870361328,
    99.65027618408203,
    99.69965362548828,
    99.74686431884766,
    99.78863525390625,
    99.82249450683594,
    99.85285186767578,
    99.88155364990234,
    99.90660095214844,
    99.9272232055664,
    99.94568634033203,
    99.96275329589844,
    99.97401428222656,
    99.98371887207031,
    99.9919662475586,
    99.99829864501953,
    99.99999237060547,
    100.0,
    100.00001525878906,
    100.00001525878906,
    100.00001525878906,
    100.00001525878906,
    100.00001525878906,
    100.00001525878906,
    100.00001525878906,
    100.00001525878906,
    100.00001525878906,
    100.00001525878906,
    100.00001525878906,
    100.00001525878906,
    100.00001525878906,
    100.00001525878906,
    100.00001525878906,
    100.00001525878906,
    100.00001525878906,
    100.00001525878906,
    100.00001525878906
  ],
  "total_variance": 3473025.75
}