{
  "epoch": 170000,
  "singular_values": [
    1580.4287109375,
    501.73553466796875,
    425.3226013183594,
    316.24737548828125,
    302.7095642089844,
    228.79808044433594,
    226.2047576904297,
    201.41119384765625,
    166.721435546875,
    158.51052856445312,
    143.6000213623047,
    136.6226043701172,
    126.30207824707031,
    114.80159759521484,
    105.67232513427734,
    97.95228576660156,
    84.67253112792969,
    83.66292572021484,
    78.26544189453125,
    76.16175079345703,
    65.36414337158203,
    62.11178207397461,
    58.265621185302734,
    56.11693572998047,
    54.13141632080078,
    50.90102767944336,
    47.641693115234375,
    46.14054489135742,
    42.90479278564453,
    41.409610748291016,
    40.42637252807617,
    38.12948226928711,
    34.31369400024414,
    32.47892379760742,
    31.539644241333008,
    29.524057388305664,
    26.79327392578125,
    25.28445053100586,
    24.38776969909668,
    19.759838104248047,
    18.370304107666016,
    16.920223236083984,
    14.793872833251953,
    7.583529472351074,
    0.5001190900802612,
    0.46989706158638,
    0.132314532995224,
    0.03920503705739975,
    0.03735321760177612,
    0.01991848461329937,
    0.011647739447653294,
    0.0003768035676330328,
    7.954165630508214e-05,
    7.954165630508214e-05,
    7.954165630508214e-05,
    7.954165630508214e-05,
    7.954165630508214e-05,
    7.954165630508214e-05,
    7.954165630508214e-05,
    7.954165630508214e-05,
    7.954165630508214e-05,
    7.954165630508214e-05,
    7.954165630508214e-05,
    7.954165630508214e-05
  ],
  "variance": [
    2497755.0,
    251738.546875,
    180899.3125,
    100012.40625,
    91633.078125,
    52348.5625,
    51168.59375,
    40566.46875,
    27796.037109375,
    25125.587890625,
    20620.966796875,
    18665.736328125,
    15952.21484375,
    13179.4072265625,
    11166.640625,
    9594.650390625,
    7169.4375,
    6999.4853515625,
    6125.4794921875,
    5800.6123046875,
    4272.47119140625,
    3857.87353515625,
    3394.882568359375,
    3149.110595703125,
    2930.210205078125,
    2590.91455078125,
    2269.73095703125,
    2128.949951171875,
    1840.8212890625,
    1714.755859375,
    1634.2916259765625,
    1453.857421875,
    1177.4295654296875,
    1054.8804931640625,
    994.7491455078125,
    871.6699829101562,
    717.8795166015625,
    639.303466796875,
    594.7633056640625,
    390.4512023925781,
    337.46807861328125,
    286.2939453125,
    218.85867309570312,
    57.509918212890625,
    0.25011909008026123,
    0.22080324590206146,
    0.01750713586807251,
    0.0015370349865406752,
    0.0013952628942206502,
    0.00039674603613093495,
    0.0001356698339805007,
    1.4198093367667752e-07,
    6.326875023887624e-09,
    6.326875023887624e-09,
    6.326875023887624e-09,
    6.326875023887624e-09,
    6.326875023887624e-09,
    6.326875023887624e-09,
    6.326875023887624e-09,
    6.326875023887624e-09,
    6.326875023887624e-09,
    6.326875023887624e-09,
    6.326875023887624e-09,
    6.326875023887624e-09
  ],
  "cumulative_variance_pct": [
    71.92134094238281,
    79.16999816894531,
    84.3788833618164,
    87.25868225097656,
    89.8971939086914,
    91.40454864501953,
    92.87791442871094,
    94.04600524902344,
    94.84637451171875,
    95.56983947753906,
    96.16361236572266,
    96.70108795166016,
    97.16041564941406,
    97.5399169921875,
    97.86144256591797,
    98.13772583007812,
    98.34416198730469,
    98.54571533203125,
    98.72208404541016,
    98.88911437988281,
    99.01213836669922,
    99.12321472167969,
    99.2209701538086,
    99.31165313720703,
    99.39602661132812,
    99.47062683105469,
    99.53598022460938,
    99.59728240966797,
    99.6502914428711,
    99.69966888427734,
    99.74671936035156,
    99.78858184814453,
    99.82249450683594,
    99.85286712646484,
    99.88151550292969,
    99.90660858154297,
    99.92728424072266,
    99.94568634033203,
    99.96281433105469,
    99.97405242919922,
    99.98377227783203,
    99.99201965332031,
    99.9983139038086,
    99.99996948242188,
    99.9999771118164,
    99.99998474121094,
    99.99998474121094,
    99.99998474121094,
    99.99998474121094,
    99.99998474121094,
    99.99998474121094,
    99.99998474121094,
    99.99998474121094,
    99.99998474121094,
    99.99998474121094,
    99.99998474121094,
    99.99998474121094,
    99.99998474121094,
    99.99998474121094,
    99.99998474121094,
    99.99998474121094,
    99.99998474121094,
    99.99998474121094,
    99.99998474121094
  ],
  "total_variance": 3472898.25
}