{
  "epoch": 300000,
  "singular_values": [
    1594.10498046875,
    500.4167785644531,
    430.95404052734375,
    325.7894592285156,
    310.04913330078125,
    232.9054412841797,
    230.9224090576172,
    202.864990234375,
    168.12457275390625,
    162.14990234375,
    145.9766845703125,
    138.40347290039062,
    125.76294708251953,
    117.39937591552734,
    108.30193328857422,
    98.21495819091797,
    86.14392852783203,
    85.10977935791016,
    80.28133392333984,
    76.70951843261719,
    66.29854583740234,
    61.897865295410156,
    59.10453414916992,
    56.21063995361328,
    54.25496292114258,
    51.152618408203125,
    48.616859436035156,
    45.87108612060547,
    42.56245803833008,
    41.393150329589844,
    41.14252471923828,
    37.871849060058594,
    34.08262252807617,
    32.53541946411133,
    31.785642623901367,
    29.557476043701172,
    26.68918800354004,
    25.596107482910156,
    24.203824996948242,
    20.295503616333008,
    17.945430755615234,
    16.8852596282959,
    15.110051155090332,
    8.157536506652832,
    0.28158578276634216,
    0.06166697293519974,
    0.021315081045031548,
    0.0003800642443820834,
    8.051119220908731e-05,
    8.051119220908731e-05,
    8.051119220908731e-05,
    8.051119220908731e-05,
    8.051119220908731e-05,
    8.051119220908731e-05,
    8.051119220908731e-05,
    8.051119220908731e-05,
    8.051119220908731e-05,
    8.051119220908731e-05,
    8.051119220908731e-05,
    8.051119220908731e-05,
    8.051119220908731e-05,
    8.051119220908731e-05,
    8.051119220908731e-05,
    8.051119220908731e-05
  ],
  "variance": [
    2541170.75,
    250416.953125,
    185721.390625,
    106138.7734375,
    96130.46875,
    54244.9453125,
    53325.16015625,
    41154.203125,
    28265.87109375,
    26292.591796875,
    21309.193359375,
    19155.521484375,
    15816.3193359375,
    13782.61328125,
    11729.30859375,
    9646.177734375,
    7420.7763671875,
    7243.67431640625,
    6445.0927734375,
    5884.35009765625,
    4395.4970703125,
    3831.345703125,
    3493.345947265625,
    3159.635986328125,
    2943.60107421875,
    2616.59033203125,
    2363.59912109375,
    2104.156494140625,
    1811.5628662109375,
    1713.3929443359375,
    1692.7073974609375,
    1434.2769775390625,
    1161.6251220703125,
    1058.553466796875,
    1010.3270874023438,
    873.6444091796875,
    712.312744140625,
    655.1607055664062,
    585.8251342773438,
    411.907470703125,
    322.0384826660156,
    285.11199951171875,
    228.3136444091797,
    66.54540252685547,
    0.07929055392742157,
    0.0038028154522180557,
    0.0004543326795101166,
    1.4444883333908365e-07,
    6.482052228307111e-09,
    6.482052228307111e-09,
    6.482052228307111e-09,
    6.482052228307111e-09,
    6.482052228307111e-09,
    6.482052228307111e-09,
    6.482052228307111e-09,
    6.482052228307111e-09,
    6.482052228307111e-09,
    6.482052228307111e-09,
    6.482052228307111e-09,
    6.482052228307111e-09,
    6.482052228307111e-09,
    6.482052228307111e-09,
    6.482052228307111e-09,
    6.482052228307111e-09
  ],
  "cumulative_variance_pct": [
    71.77991485595703,
    78.85338592529297,
    84.09941864013672,
    87.09749603271484,
    89.81287384033203,
    91.34512329101562,
    92.85138702392578,
    94.01386260986328,
    94.8122787475586,
    95.55496215820312,
    96.15687561035156,
    96.69795989990234,
    97.14472198486328,
    97.5340347290039,
    97.86534881591797,
    98.13782501220703,
    98.3474349975586,
    98.55204772949219,
    98.73410034179688,
    98.90031433105469,
    99.02447509765625,
    99.13269805908203,
    99.23136901855469,
    99.32061767578125,
    99.40377044677734,
    99.4776840209961,
    99.54444122314453,
    99.6038818359375,
    99.6550521850586,
    99.70344543457031,
    99.75125885009766,
    99.7917709350586,
    99.82459259033203,
    99.85448455810547,
    99.88302612304688,
    99.90769958496094,
    99.92782592773438,
    99.94633483886719,
    99.96287536621094,
    99.9745101928711,
    99.98361206054688,
    99.99166107177734,
    99.99811553955078,
    99.99999237060547,
    99.99999237060547,
    99.99999237060547,
    99.99999237060547,
    99.99999237060547,
    99.99999237060547,
    99.99999237060547,
    99.99999237060547,
    99.99999237060547,
    99.99999237060547,
    99.99999237060547,
    99.99999237060547,
    99.99999237060547,
    99.99999237060547,
    99.99999237060547,
    99.99999237060547,
    99.99999237060547,
    99.99999237060547,
    99.99999237060547,
    99.99999237060547,
    99.99999237060547
  ],
  "total_variance": 3540225.5
}