{
  "epoch": 20000,
  "singular_values": [
    1374.972412109375,
    440.7459411621094,
    378.9170227050781,
    264.1924743652344,
    253.6675262451172,
    203.2305908203125,
    190.64138793945312,
    164.76364135742188,
    140.3089141845703,
    132.14376831054688,
    123.35912322998047,
    118.21330261230469,
    105.97620391845703,
    100.56425476074219,
    96.27196502685547,
    89.4714126586914,
    74.88015747070312,
    73.65973663330078,
    67.83987426757812,
    66.62395477294922,
    61.52439498901367,
    57.943607330322266,
    55.60066223144531,
    52.72793197631836,
    50.58675765991211,
    45.736610412597656,
    45.307167053222656,
    45.01636505126953,
    41.445316314697266,
    40.19593048095703,
    37.49681091308594,
    35.66587448120117,
    33.31330490112305,
    33.075191497802734,
    30.068838119506836,
    28.080589294433594,
    25.229928970336914,
    24.44021987915039,
    23.356861114501953,
    18.1102352142334,
    15.374998092651367,
    11.584563255310059,
    10.017739295959473,
    8.072813987731934,
    3.8432517051696777,
    2.5627248287200928,
    2.247941017150879,
    1.9332412481307983,
    1.7956830263137817,
    1.0176786184310913,
    0.9670472145080566,
    0.8047506213188171,
    0.13662897050380707,
    0.00013350594963412732,
    6.81011370033957e-05,
    6.81011370033957e-05,
    6.81011370033957e-05,
    6.81011370033957e-05,
    6.81011370033957e-05,
    6.81011370033957e-05,
    6.81011370033957e-05,
    6.81011370033957e-05,
    6.81011370033957e-05,
    6.81011370033957e-05
  ],
  "variance": [
    1890549.125,
    194256.984375,
    143578.109375,
    69797.6640625,
    64347.21484375,
    41302.671875,
    36344.140625,
    27147.056640625,
    19686.591796875,
    17461.974609375,
    15217.4736328125,
    13974.384765625,
    11230.9560546875,
    10113.1689453125,
    9268.291015625,
    8005.1337890625,
    5607.0380859375,
    5425.7568359375,
    4602.24853515625,
    4438.75146484375,
    3785.251220703125,
    3357.461669921875,
    3091.43359375,
    2780.23486328125,
    2559.02001953125,
    2091.837646484375,
    2052.739501953125,
    2026.47314453125,
    1717.7142333984375,
    1615.7127685546875,
    1406.0108642578125,
    1272.0545654296875,
    1109.7762451171875,
    1093.96826171875,
    904.135009765625,
    788.5194702148438,
    636.54931640625,
    597.3243408203125,
    545.54296875,
    327.9806213378906,
    236.39056396484375,
    134.2021026611328,
    100.3551025390625,
    65.17032623291016,
    14.770584106445312,
    6.567558765411377,
    5.053238868713379,
    3.737421751022339,
    3.224477529525757,
    1.0356698036193848,
    0.9351803064346313,
    0.6476235389709473,
    0.018667476251721382,
    1.7823838405206516e-08,
    4.637764838832936e-09,
    4.637764838832936e-09,
    4.637764838832936e-09,
    4.637764838832936e-09,
    4.637764838832936e-09,
    4.637764838832936e-09,
    4.637764838832936e-09,
    4.637764838832936e-09,
    4.637764838832936e-09,
    4.637764838832936e-09
  ],
  "cumulative_variance_pct": [
    71.97467041015625,
    79.37018585205078,
    84.83631896972656,
    87.49356842041016,
    89.94330596923828,
    91.51573944091797,
    92.8993911743164,
    93.93289947509766,
    94.68238067626953,
    95.34717559814453,
    95.926513671875,
    96.45852661132812,
    96.88610076904297,
    97.2711181640625,
    97.62396240234375,
    97.9287338256836,
    98.14219665527344,
    98.3487548828125,
    98.52397155761719,
    98.69295501708984,
    98.8370590209961,
    98.96488189697266,
    99.08258056640625,
    99.18841552734375,
    99.28585052490234,
    99.36548614501953,
    99.44363403320312,
    99.52078247070312,
    99.586181640625,
    99.6476821899414,
    99.70121765136719,
    99.74964904785156,
    99.7918930053711,
    99.83354187011719,
    99.86796569824219,
    99.89797973632812,
    99.9222183227539,
    99.94496154785156,
    99.96572875976562,
    99.97821807861328,
    99.9872055053711,
    99.99231719970703,
    99.99614715576172,
    99.99861907958984,
    99.99918365478516,
    99.99944305419922,
    99.9996337890625,
    99.99977111816406,
    99.99989318847656,
    99.99993133544922,
    99.99996948242188,
    99.99998474121094,
    99.99998474121094,
    99.99998474121094,
    99.99998474121094,
    99.99998474121094,
    99.99998474121094,
    99.99998474121094,
    99.99998474121094,
    99.99998474121094,
    99.99998474121094,
    99.99998474121094,
    99.99998474121094,
    99.99998474121094
  ],
  "total_variance": 2626686.75
}