{
  "epoch": 210000,
  "singular_values": [
    1586.1934814453125,
    500.4603576660156,
    427.7776184082031,
    319.9182434082031,
    305.82440185546875,
    230.7301483154297,
    228.11802673339844,
    202.0328369140625,
    167.32394409179688,
    160.33181762695312,
    144.6323699951172,
    137.4873504638672,
    126.2000503540039,
    115.77326202392578,
    106.77474212646484,
    98.34619903564453,
    84.98961639404297,
    84.5793228149414,
    79.05338287353516,
    76.37521362304688,
    65.69601440429688,
    62.101295471191406,
    58.57946014404297,
    56.11789321899414,
    54.3321533203125,
    51.02001953125,
    48.03123474121094,
    46.057804107666016,
    42.76560974121094,
    41.42311096191406,
    40.744110107421875,
    38.040374755859375,
    34.21784210205078,
    32.46724319458008,
    31.680400848388672,
    29.49041175842285,
    26.74273681640625,
    25.44003677368164,
    24.301639556884766,
    19.895652770996094,
    18.28445816040039,
    16.93600845336914,
    14.950275421142578,
    7.783030033111572,
    0.3926697075366974,
    0.29946231842041016,
    0.0986093133687973,
    0.02925628423690796,
    0.006607108749449253,
    0.00037817799602635205,
    7.999372610356659e-05,
    7.999372610356659e-05,
    7.999372610356659e-05,
    7.999372610356659e-05,
    7.999372610356659e-05,
    7.999372610356659e-05,
    7.999372610356659e-05,
    7.999372610356659e-05,
    7.999372610356659e-05,
    7.999372610356659e-05,
    7.999372610356659e-05,
    7.999372610356659e-05,
    7.999372610356659e-05,
    7.999372610356659e-05
  ],
  "variance": [
    2516009.75,
    250460.5625,
    182993.6875,
    102347.6796875,
    93528.5625,
    53236.40234375,
    52037.8359375,
    40817.265625,
    27997.302734375,
    25706.291015625,
    20918.521484375,
    18902.771484375,
    15926.453125,
    13403.4482421875,
    11400.845703125,
    9671.974609375,
    7223.23486328125,
    7153.66162109375,
    6249.4375,
    5833.17333984375,
    4315.96630859375,
    3856.57080078125,
    3431.55322265625,
    3149.218017578125,
    2951.98291015625,
    2603.04248046875,
    2306.99951171875,
    2121.3212890625,
    1828.8973388671875,
    1715.8741455078125,
    1660.08251953125,
    1447.070068359375,
    1170.8607177734375,
    1054.121826171875,
    1003.6478271484375,
    869.6843872070312,
    715.1739501953125,
    647.1954956054688,
    590.5697021484375,
    395.8370056152344,
    334.3214111328125,
    286.828369140625,
    223.5107421875,
    60.575557708740234,
    0.15418949723243713,
    0.08967767655849457,
    0.009723796509206295,
    0.0008559301495552063,
    4.365388667793013e-05,
    1.4301859607712686e-07,
    6.3989959997456936e-09,
    6.3989959997456936e-09,
    6.3989959997456936e-09,
    6.3989959997456936e-09,
    6.3989959997456936e-09,
    6.3989959997456936e-09,
    6.3989959997456936e-09,
    6.3989959997456936e-09,
    6.3989959997456936e-09,
    6.3989959997456936e-09,
    6.3989959997456936e-09,
    6.3989959997456936e-09,
    6.3989959997456936e-09,
    6.3989959997456936e-09
  ],
  "cumulative_variance_pct": [
    71.87449645996094,
    79.02937316894531,
    84.25691986083984,
    87.18067932128906,
    89.85249328613281,
    91.373291015625,
    92.85984802246094,
    94.02587127685547,
    94.8256607055664,
    95.56000518798828,
    96.15758514404297,
    96.69758605957031,
    97.15254974365234,
    97.53544616699219,
    97.86113739013672,
    98.1374282836914,
    98.3437728881836,
    98.54813385009766,
    98.7266616821289,
    98.8932876586914,
    99.01658630371094,
    99.12676239013672,
    99.22478485107422,
    99.31475830078125,
    99.39908599853516,
    99.47344207763672,
    99.53934478759766,
    99.59993743896484,
    99.65219116210938,
    99.70121002197266,
    99.74862670898438,
    99.78997039794922,
    99.82341766357422,
    99.85353088378906,
    99.88219451904297,
    99.90704345703125,
    99.92747497558594,
    99.94595336914062,
    99.96283721923828,
    99.97413635253906,
    99.98368835449219,
    99.99188995361328,
    99.9982681274414,
    100.0,
    100.00001525878906,
    100.00001525878906,
    100.00001525878906,
    100.00001525878906,
    100.00001525878906,
    100.00001525878906,
    100.00001525878906,
    100.00001525878906,
    100.00001525878906,
    100.00001525878906,
    100.00001525878906,
    100.00001525878906,
    100.00001525878906,
    100.00001525878906,
    100.00001525878906,
    100.00001525878906,
    100.00001525878906,
    100.00001525878906,
    100.00001525878906,
    100.00001525878906
  ],
  "total_variance": 3500559.75
}