{
  "epoch": 80000,
  "singular_values": [
    1542.017578125,
    504.8037414550781,
    416.05841064453125,
    302.6628723144531,
    287.4649353027344,
    221.9859619140625,
    215.59347534179688,
    197.7595977783203,
    159.79290771484375,
    149.43295288085938,
    137.39678955078125,
    129.15602111816406,
    124.09840393066406,
    111.6773910522461,
    101.3960189819336,
    95.2228012084961,
    84.0162582397461,
    79.78498840332031,
    76.20491790771484,
    74.05484008789062,
    63.330421447753906,
    61.456966400146484,
    57.435665130615234,
    55.28071975708008,
    52.691619873046875,
    49.98869323730469,
    46.41737747192383,
    45.95658493041992,
    43.37765121459961,
    40.854190826416016,
    39.878536224365234,
    37.943607330322266,
    34.10899353027344,
    32.496341705322266,
    31.033267974853516,
    29.636898040771484,
    26.72165870666504,
    25.242727279663086,
    24.615358352661133,
    19.965049743652344,
    18.141752243041992,
    16.76262092590332,
    14.40942668914795,
    6.247746467590332,
    1.2902495861053467,
    0.8781987428665161,
    0.43786221742630005,
    0.33837059140205383,
    0.2652953267097473,
    0.19818973541259766,
    0.04973885416984558,
    0.030362743884325027,
    0.00036764563992619514,
    7.716594700468704e-05,
    7.716594700468704e-05,
    7.716594700468704e-05,
    7.716594700468704e-05,
    7.716594700468704e-05,
    7.716594700468704e-05,
    7.716594700468704e-05,
    7.716594700468704e-05,
    7.716594700468704e-05,
    7.716594700468704e-05,
    7.716594700468704e-05
  ],
  "variance": [
    2377818.25,
    254826.8125,
    173104.59375,
    91604.8125,
    82636.0859375,
    49277.765625,
    46480.546875,
    39108.859375,
    25533.7734375,
    22330.20703125,
    18877.876953125,
    16681.27734375,
    15400.4140625,
    12471.83984375,
    10281.15234375,
    9067.3818359375,
    7058.7314453125,
    6365.64453125,
    5807.189453125,
    5484.119140625,
    4010.7421875,
    3776.958740234375,
    3298.855712890625,
    3055.9580078125,
    2776.40673828125,
    2498.869384765625,
    2154.572998046875,
    2112.0078125,
    1881.62060546875,
    1669.06494140625,
    1590.297607421875,
    1439.71728515625,
    1163.4234619140625,
    1056.01220703125,
    963.063720703125,
    878.345703125,
    714.0470581054688,
    637.1952514648438,
    605.9158935546875,
    398.60321044921875,
    329.1231689453125,
    280.9854736328125,
    207.63157653808594,
    39.03433609008789,
    1.6647440195083618,
    0.7712330222129822,
    0.1917233169078827,
    0.11449465900659561,
    0.07038161158561707,
    0.03927917033433914,
    0.0024739536456763744,
    0.000921896193176508,
    1.351633187596235e-07,
    5.95458349295086e-09,
    5.95458349295086e-09,
    5.95458349295086e-09,
    5.95458349295086e-09,
    5.95458349295086e-09,
    5.95458349295086e-09,
    5.95458349295086e-09,
    5.95458349295086e-09,
    5.95458349295086e-09,
    5.95458349295086e-09,
    5.95458349295086e-09
  ],
  "cumulative_variance_pct": [
    71.8860855102539,
    79.58999633789062,
    84.82328796386719,
    87.59268188476562,
    90.09092712402344,
    91.5806884765625,
    92.98588562011719,
    94.16822814941406,
    94.9401626586914,
    95.61524963378906,
    96.18595886230469,
    96.69026947021484,
    97.15585327148438,
    97.53289794921875,
    97.84371948242188,
    98.11785125732422,
    98.33124542236328,
    98.52368927001953,
    98.69925689697266,
    98.86505126953125,
    98.98629760742188,
    99.1004867553711,
    99.2002182006836,
    99.2926025390625,
    99.37654113769531,
    99.45208740234375,
    99.51722717285156,
    99.5810775756836,
    99.63795471191406,
    99.68842315673828,
    99.73649597167969,
    99.78002166748047,
    99.81519317626953,
    99.84711456298828,
    99.87623596191406,
    99.90279388427734,
    99.92437744140625,
    99.94363403320312,
    99.96195983886719,
    99.97400665283203,
    99.98396301269531,
    99.99244689941406,
    99.99873352050781,
    99.99990844726562,
    99.99996185302734,
    99.99998474121094,
    99.99999237060547,
    99.99999237060547,
    99.99999237060547,
    100.0,
    100.0,
    100.0,
    100.0,
    100.0,
    100.0,
    100.0,
    100.0,
    100.0,
    100.0,
    100.0,
    100.0,
    100.0,
    100.0,
    100.0
  ],
  "total_variance": 3307758.75
}