{
  "epoch": 110000,
  "singular_values": [
    1567.6165771484375,
    507.8710021972656,
    421.2719421386719,
    309.7627258300781,
    296.368896484375,
    225.94154357910156,
    222.32041931152344,
    200.97569274902344,
    164.16893005371094,
    154.036865234375,
    141.20851135253906,
    133.16921997070312,
    126.47602844238281,
    113.16006469726562,
    103.26431274414062,
    96.64459991455078,
    84.4273452758789,
    81.39187622070312,
    76.80379486083984,
    75.83902740478516,
    64.74829864501953,
    61.94221878051758,
    57.8394889831543,
    55.943695068359375,
    53.085052490234375,
    50.57196044921875,
    46.76803207397461,
    46.171363830566406,
    43.272247314453125,
    41.24898910522461,
    39.88804626464844,
    38.16696548461914,
    34.33118438720703,
    32.55354690551758,
    31.223804473876953,
    29.688274383544922,
    26.783830642700195,
    25.09733772277832,
    24.651615142822266,
    19.85593605041504,
    18.171733856201172,
    16.8145809173584,
    14.482046127319336,
    6.766627311706543,
    0.9892030954360962,
    0.6525609493255615,
    0.23550762236118317,
    0.15728312730789185,
    0.13027793169021606,
    0.10712666064500809,
    0.051534365862607956,
    0.0130720604211092,
    0.0003737489168997854,
    7.859076868044212e-05,
    7.859076868044212e-05,
    7.859076868044212e-05,
    7.859076868044212e-05,
    7.859076868044212e-05,
    7.859076868044212e-05,
    7.859076868044212e-05,
    7.859076868044212e-05,
    7.859076868044212e-05,
    7.859076868044212e-05,
    7.859076868044212e-05
  ],
  "variance": [
    2457421.75,
    257932.953125,
    177470.046875,
    95952.9453125,
    87834.5234375,
    51049.58203125,
    49426.3671875,
    40391.23046875,
    26951.4375,
    23727.35546875,
    19939.84375,
    17734.041015625,
    15996.185546875,
    12805.2001953125,
    10663.5185546875,
    9340.1787109375,
    7127.9765625,
    6624.6376953125,
    5898.82275390625,
    5751.55810546875,
    4192.34228515625,
    3836.83837890625,
    3345.406494140625,
    3129.697021484375,
    2818.022705078125,
    2557.523193359375,
    2187.248779296875,
    2131.794921875,
    1872.4874267578125,
    1701.4791259765625,
    1591.0562744140625,
    1456.71728515625,
    1178.6302490234375,
    1059.7333984375,
    974.9259643554688,
    881.3936157226562,
    717.3735961914062,
    629.8763427734375,
    607.7021484375,
    394.2582092285156,
    330.2119140625,
    282.7301330566406,
    209.7296600341797,
    45.78724670410156,
    0.978522777557373,
    0.4258357882499695,
    0.05546383932232857,
    0.02473798207938671,
    0.016972338780760765,
    0.011476121842861176,
    0.002655790885910392,
    0.0001708787604002282,
    1.3968825385290984e-07,
    6.1765090819676516e-09,
    6.1765090819676516e-09,
    6.1765090819676516e-09,
    6.1765090819676516e-09,
    6.1765090819676516e-09,
    6.1765090819676516e-09,
    6.1765090819676516e-09,
    6.1765090819676516e-09,
    6.1765090819676516e-09,
    6.1765090819676516e-09,
    6.1765090819676516e-09
  ],
  "cumulative_variance_pct": [
    71.89280700683594,
    79.43872833251953,
    84.63067626953125,
    87.43782043457031,
    90.00745391845703,
    91.50092315673828,
    92.94691467285156,
    94.12857818603516,
    94.91704559326172,
    95.6112060546875,
    96.19454956054688,
    96.71336364746094,
    97.18133544921875,
    97.55596160888672,
    97.86792755126953,
    98.14118194580078,
    98.34971618652344,
    98.54351043701172,
    98.7160873413086,
    98.88435363769531,
    99.00699615478516,
    99.11924743652344,
    99.21711730957031,
    99.30868530273438,
    99.39112091064453,
    99.4659423828125,
    99.52993774414062,
    99.59230041503906,
    99.6470718383789,
    99.69685363769531,
    99.74340057373047,
    99.78601837158203,
    99.82050323486328,
    99.85150909423828,
    99.88002014160156,
    99.90581512451172,
    99.92679595947266,
    99.94522857666016,
    99.9630126953125,
    99.97454071044922,
    99.98419189453125,
    99.99246215820312,
    99.99860382080078,
    99.99993896484375,
    99.99996948242188,
    99.99998474121094,
    99.99998474121094,
    99.99998474121094,
    99.99998474121094,
    99.99999237060547,
    99.99999237060547,
    99.99999237060547,
    99.99999237060547,
    99.99999237060547,
    99.99999237060547,
    99.99999237060547,
    99.99999237060547,
    99.99999237060547,
    99.99999237060547,
    99.99999237060547,
    99.99999237060547,
    99.99999237060547,
    99.99999237060547,
    99.99999237060547
  ],
  "total_variance": 3418175.0
}