{
  "epoch": 240000,
  "singular_values": [
    1589.2552490234375,
    500.3105773925781,
    429.0198669433594,
    322.2248840332031,
    307.6246337890625,
    231.7440643310547,
    229.18243408203125,
    202.32456970214844,
    167.5765380859375,
    161.0867462158203,
    145.15707397460938,
    137.87501525878906,
    126.05582427978516,
    116.41251373291016,
    107.37690734863281,
    98.39926147460938,
    85.35472869873047,
    84.87723541259766,
    79.5738525390625,
    76.46228790283203,
    65.94892883300781,
    62.0333251953125,
    58.77010726928711,
    56.14628219604492,
    54.341068267822266,
    51.08210372924805,
    48.261695861816406,
    45.98677444458008,
    42.69247055053711,
    41.408660888671875,
    40.924678802490234,
    37.97700119018555,
    34.14781951904297,
    32.470157623291016,
    31.75352668762207,
    29.506011962890625,
    26.736900329589844,
    25.518474578857422,
    24.25813865661621,
    20.03938102722168,
    18.16745376586914,
    16.928255081176758,
    15.014541625976562,
    7.911954402923584,
    0.32957887649536133,
    0.08567795902490616,
    0.023380864411592484,
    0.00037890797830186784,
    8.021752000786364e-05,
    8.021752000786364e-05,
    8.021752000786364e-05,
    8.021752000786364e-05,
    8.021752000786364e-05,
    8.021752000786364e-05,
    8.021752000786364e-05,
    8.021752000786364e-05,
    8.021752000786364e-05,
    8.021752000786364e-05,
    8.021752000786364e-05,
    8.021752000786364e-05,
    8.021752000786364e-05,
    8.021752000786364e-05,
    8.021752000786364e-05,
    8.021752000786364e-05
  ],
  "variance": [
    2525732.25,
    250310.671875,
    184058.046875,
    103828.875,
    94632.9140625,
    53705.3125,
    52524.58984375,
    40935.23046875,
    28081.896484375,
    25948.939453125,
    21070.576171875,
    19009.51953125,
    15890.0712890625,
    13551.873046875,
    11529.7998046875,
    9682.4150390625,
    7285.4296875,
    7204.14501953125,
    6331.998046875,
    5846.4814453125,
    4349.26123046875,
    3848.133544921875,
    3453.925537109375,
    3152.405029296875,
    2952.95166015625,
    2609.38134765625,
    2329.19140625,
    2114.783447265625,
    1822.6470947265625,
    1714.67724609375,
    1674.829345703125,
    1442.2525634765625,
    1166.0736083984375,
    1054.3111572265625,
    1008.2864379882812,
    870.604736328125,
    714.86181640625,
    651.1925659179688,
    588.457275390625,
    401.5767822265625,
    330.0563659667969,
    286.5658264160156,
    225.43646240234375,
    62.599021911621094,
    0.1086222380399704,
    0.00734071247279644,
    0.0005466648144647479,
    1.4357125621700106e-07,
    6.434850430281358e-09,
    6.434850430281358e-09,
    6.434850430281358e-09,
    6.434850430281358e-09,
    6.434850430281358e-09,
    6.434850430281358e-09,
    6.434850430281358e-09,
    6.434850430281358e-09,
    6.434850430281358e-09,
    6.434850430281358e-09,
    6.434850430281358e-09,
    6.434850430281358e-09,
    6.434850430281358e-09,
    6.434850430281358e-09,
    6.434850430281358e-09,
    6.434850430281358e-09
  ],
  "cumulative_variance_pct": [
    71.83568572998047,
    78.95490264892578,
    84.1897964477539,
    87.1428451538086,
    89.8343505859375,
    91.36180877685547,
    92.8556900024414,
    94.01995849609375,
    94.81864929199219,
    95.55667114257812,
    96.15594482421875,
    96.69660949707031,
    97.14855194091797,
    97.53398132324219,
    97.86190795898438,
    98.13729858398438,
    98.3445053100586,
    98.54939270019531,
    98.7294921875,
    98.89576721191406,
    99.01947021484375,
    99.12892150878906,
    99.2271499633789,
    99.31681060791016,
    99.40080261230469,
    99.47501373291016,
    99.541259765625,
    99.60140228271484,
    99.65325164794922,
    99.70201873779297,
    99.74964904785156,
    99.79066467285156,
    99.8238296508789,
    99.85382080078125,
    99.88249969482422,
    99.90726470947266,
    99.9275894165039,
    99.94611358642578,
    99.96284484863281,
    99.9742660522461,
    99.9836654663086,
    99.99181365966797,
    99.99822235107422,
    100.0,
    100.0,
    100.0,
    100.0,
    100.0,
    100.0,
    100.0,
    100.0,
    100.0,
    100.0,
    100.0,
    100.0,
    100.0,
    100.0,
    100.0,
    100.0,
    100.0,
    100.0,
    100.0,
    100.0,
    100.0
  ],
  "total_variance": 3515985.5
}