{
  "epoch": 150000,
  "singular_values": [
    1573.32177734375,
    501.7723693847656,
    423.1559143066406,
    313.5330810546875,
    299.96563720703125,
    227.2403564453125,
    224.436767578125,
    200.6787872314453,
    165.79800415039062,
    157.00575256347656,
    142.5896759033203,
    135.66200256347656,
    126.19188690185547,
    114.244140625,
    104.86316680908203,
    97.46092987060547,
    84.51782989501953,
    82.94342803955078,
    77.68292999267578,
    76.11776733398438,
    65.1529769897461,
    62.056976318359375,
    58.035545349121094,
    56.07971954345703,
    53.84868621826172,
    50.84893035888672,
    47.34716033935547,
    46.14421844482422,
    42.99442672729492,
    41.38616943359375,
    40.20734405517578,
    38.137428283691406,
    34.3569221496582,
    32.50000762939453,
    31.4215087890625,
    29.516109466552734,
    26.82457160949707,
    25.19243049621582,
    24.418405532836914,
    19.754026412963867,
    18.328922271728516,
    16.88348388671875,
    14.696496963500977,
    7.400001049041748,
    0.6190768480300903,
    0.5571126937866211,
    0.15420228242874146,
    0.05630873516201973,
    0.04097186401486397,
    0.03356613591313362,
    0.017011720687150955,
    0.00010687732719816267,
    7.910197746241465e-05,
    7.910197746241465e-05,
    7.910197746241465e-05,
    7.910197746241465e-05,
    7.910197746241465e-05,
    7.910197746241465e-05,
    7.910197746241465e-05,
    7.910197746241465e-05,
    7.910197746241465e-05,
    7.910197746241465e-05,
    7.910197746241465e-05,
    7.910197746241465e-05
  ],
  "variance": [
    2475341.5,
    251775.515625,
    179060.921875,
    98302.9921875,
    89979.3828125,
    51638.1796875,
    50371.86328125,
    40271.9765625,
    27488.978515625,
    24650.806640625,
    20331.81640625,
    18404.1796875,
    15924.392578125,
    13051.7236328125,
    10996.2841796875,
    9498.6328125,
    7143.263671875,
    6879.6123046875,
    6034.6376953125,
    5793.91455078125,
    4244.91064453125,
    3851.068359375,
    3368.12451171875,
    3144.93505859375,
    2899.680908203125,
    2585.61376953125,
    2241.753662109375,
    2129.288818359375,
    1848.520751953125,
    1712.8150634765625,
    1616.6304931640625,
    1454.46337890625,
    1180.3980712890625,
    1056.25048828125,
    987.3112182617188,
    871.2007446289062,
    719.5576171875,
    634.6585693359375,
    596.258544921875,
    390.2215576171875,
    335.94940185546875,
    285.0520324707031,
    215.98703002929688,
    54.76001739501953,
    0.38325613737106323,
    0.31037455797195435,
    0.023778343573212624,
    0.0031706737354397774,
    0.0016786936903372407,
    0.0011266855290159583,
    0.00028939865296706557,
    1.1422763179780304e-08,
    6.257122819874894e-09,
    6.257122819874894e-09,
    6.257122819874894e-09,
    6.257122819874894e-09,
    6.257122819874894e-09,
    6.257122819874894e-09,
    6.257122819874894e-09,
    6.257122819874894e-09,
    6.257122819874894e-09,
    6.257122819874894e-09,
    6.257122819874894e-09,
    6.257122819874894e-09
  ],
  "cumulative_variance_pct": [
    71.92901611328125,
    79.24516296386719,
    84.44835662841797,
    87.30486297607422,
    89.91950225830078,
    91.4200210571289,
    92.88372802734375,
    94.05396270751953,
    94.85274505615234,
    95.56905364990234,
    96.15986633300781,
    96.69464874267578,
    97.15738677978516,
    97.5366439819336,
    97.8561782836914,
    98.13219451904297,
    98.33976745605469,
    98.5396728515625,
    98.71503448486328,
    98.88338470458984,
    99.0067367553711,
    99.11864471435547,
    99.21651458740234,
    99.30789947509766,
    99.39215850830078,
    99.46729278564453,
    99.53244018554688,
    99.59431457519531,
    99.64802551269531,
    99.69779205322266,
    99.7447738647461,
    99.78704071044922,
    99.82133483886719,
    99.8520278930664,
    99.8807144165039,
    99.90603637695312,
    99.92694091796875,
    99.94538116455078,
    99.96270751953125,
    99.97404479980469,
    99.98381805419922,
    99.99209594726562,
    99.99837493896484,
    99.99996185302734,
    99.99996948242188,
    99.99998474121094,
    99.99998474121094,
    99.99998474121094,
    99.99998474121094,
    99.99998474121094,
    99.99998474121094,
    99.99998474121094,
    99.99998474121094,
    99.99998474121094,
    99.99998474121094,
    99.99998474121094,
    99.99998474121094,
    99.99998474121094,
    99.99998474121094,
    99.99998474121094,
    99.99998474121094,
    99.99998474121094,
    99.99998474121094,
    99.99998474121094
  ],
  "total_variance": 3441367.25
}