{
  "epoch": 230000,
  "singular_values": [
    1588.498046875,
    500.32818603515625,
    428.8940124511719,
    321.5875244140625,
    307.0148010253906,
    231.5172119140625,
    228.87808227539062,
    202.3442840576172,
    167.51402282714844,
    160.93370056152344,
    144.97174072265625,
    137.8443145751953,
    126.09071350097656,
    116.31747436523438,
    107.24295043945312,
    98.41683197021484,
    85.24737548828125,
    84.82543182373047,
    79.4150161743164,
    76.4816665649414,
    65.94242095947266,
    62.08313751220703,
    58.68022918701172,
    56.16032409667969,
    54.34121322631836,
    51.08622741699219,
    48.24021530151367,
    45.94475555419922,
    42.72132873535156,
    41.45053482055664,
    40.850337982177734,
    37.991024017333984,
    34.16776657104492,
    32.505191802978516,
    31.731050491333008,
    29.51371955871582,
    26.723037719726562,
    25.511606216430664,
    24.253833770751953,
    19.987186431884766,
    18.200061798095703,
    16.927715301513672,
    15.0009765625,
    7.853226661682129,
    0.35302305221557617,
    0.07393073290586472,
    0.025298383086919785,
    8.018409425858408e-05,
    8.018409425858408e-05,
    8.018409425858408e-05,
    8.018409425858408e-05,
    8.018409425858408e-05,
    8.018409425858408e-05,
    8.018409425858408e-05,
    8.018409425858408e-05,
    8.018409425858408e-05,
    8.018409425858408e-05,
    8.018409425858408e-05,
    8.018409425858408e-05,
    8.018409425858408e-05,
    8.018409425858408e-05,
    8.018409425858408e-05,
    8.018409425858408e-05,
    8.01835412858054e-05
  ],
  "variance": [
    2523326.0,
    250328.296875,
    183950.078125,
    103418.5390625,
    94258.0859375,
    53600.21875,
    52385.17578125,
    40943.2109375,
    28060.947265625,
    25899.65625,
    21016.8046875,
    19001.0546875,
    15898.8681640625,
    13529.7548828125,
    11501.05078125,
    9685.873046875,
    7267.115234375,
    7195.35400390625,
    6306.74462890625,
    5849.4453125,
    4348.40283203125,
    3854.31591796875,
    3443.369384765625,
    3153.98193359375,
    2952.967529296875,
    2609.802734375,
    2327.118408203125,
    2110.920654296875,
    1825.1119384765625,
    1718.1468505859375,
    1668.7501220703125,
    1443.31787109375,
    1167.436279296875,
    1056.5875244140625,
    1006.8595581054688,
    871.0596313476562,
    714.1207275390625,
    650.842041015625,
    588.2484741210938,
    399.48760986328125,
    331.24224853515625,
    286.54754638671875,
    225.029296875,
    61.67316818237305,
    0.12462527304887772,
    0.005465753376483917,
    0.0006400081911124289,
    6.429488941250838e-09,
    6.429488941250838e-09,
    6.429488941250838e-09,
    6.429488941250838e-09,
    6.429488941250838e-09,
    6.429488941250838e-09,
    6.429488941250838e-09,
    6.429488941250838e-09,
    6.429488941250838e-09,
    6.429488941250838e-09,
    6.429488941250838e-09,
    6.429488941250838e-09,
    6.429488941250838e-09,
    6.429488941250838e-09,
    6.429488941250838e-09,
    6.429488941250838e-09,
    6.429400123408868e-09
  ],
  "cumulative_variance_pct": [
    71.84382629394531,
    78.97113800048828,
    84.20854949951172,
    87.15306854248047,
    89.8367691040039,
    91.36286926269531,
    92.85437774658203,
    94.02010345458984,
    94.81905364990234,
    95.55646514892578,
    96.15485382080078,
    96.69584655761719,
    97.14852142333984,
    97.53373718261719,
    97.86119079589844,
    98.136962890625,
    98.34387969970703,
    98.54873657226562,
    98.72830200195312,
    98.89485168457031,
    99.0186538696289,
    99.1283950805664,
    99.22643280029297,
    99.31623077392578,
    99.40031433105469,
    99.47461700439453,
    99.54087829589844,
    99.60098266601562,
    99.65293884277344,
    99.70186614990234,
    99.74937438964844,
    99.79046630859375,
    99.8237075805664,
    99.85379028320312,
    99.88245391845703,
    99.90726470947266,
    99.9275894165039,
    99.94612121582031,
    99.96287536621094,
    99.97423553466797,
    99.98367309570312,
    99.99183654785156,
    99.99824523925781,
    99.99999237060547,
    100.0,
    100.0,
    100.0,
    100.0,
    100.0,
    100.0,
    100.0,
    100.0,
    100.0,
    100.0,
    100.0,
    100.0,
    100.0,
    100.0,
    100.0,
    100.0,
    100.0,
    100.0,
    100.0,
    100.0
  ],
  "total_variance": 3512237.75
}