{
  "epoch": 70000,
  "singular_values": [
    1528.3558349609375,
    501.083740234375,
    414.9185485839844,
    299.0575866699219,
    283.001708984375,
    219.81105041503906,
    212.099609375,
    195.32704162597656,
    157.1478729248047,
    147.22686767578125,
    135.25425720214844,
    127.91983032226562,
    122.25450134277344,
    110.81515502929688,
    100.74747467041016,
    94.37037658691406,
    83.73221588134766,
    79.46825408935547,
    75.47071075439453,
    73.19181823730469,
    62.604393005371094,
    61.256431579589844,
    57.32633972167969,
    55.02000045776367,
    52.684471130371094,
    49.622135162353516,
    46.18452453613281,
    45.72682571411133,
    43.37752914428711,
    40.59528350830078,
    39.90300750732422,
    37.79326629638672,
    33.977657318115234,
    32.492523193359375,
    30.890716552734375,
    29.61422348022461,
    26.68033790588379,
    25.288883209228516,
    24.556894302368164,
    19.911935806274414,
    18.19097328186035,
    16.766664505004883,
    14.411742210388184,
    6.127824783325195,
    1.4836703538894653,
    1.0807291269302368,
    0.6138296127319336,
    0.4020748734474182,
    0.3240917921066284,
    0.2196406126022339,
    0.025570636615157127,
    7.931338768685237e-05,
    7.65013974159956e-05,
    7.65013974159956e-05,
    7.65013974159956e-05,
    7.65013974159956e-05,
    7.65013974159956e-05,
    7.65013974159956e-05,
    7.65013974159956e-05,
    7.65013974159956e-05,
    7.65013974159956e-05,
    7.65013974159956e-05,
    7.65013974159956e-05,
    7.65013974159956e-05
  ],
  "variance": [
    2335871.5,
    251084.921875,
    172157.40625,
    89435.4375,
    80089.96875,
    48316.8984375,
    44986.24609375,
    38152.65234375,
    24695.453125,
    21675.75,
    18293.71484375,
    16363.4833984375,
    14946.1630859375,
    12279.9990234375,
    10150.0537109375,
    8905.767578125,
    7011.083984375,
    6315.20361328125,
    5695.828125,
    5357.04248046875,
    3919.31005859375,
    3752.350341796875,
    3286.309326171875,
    3027.200439453125,
    2775.653564453125,
    2462.356201171875,
    2133.01025390625,
    2090.942626953125,
    1881.6099853515625,
    1647.97705078125,
    1592.25,
    1428.3309326171875,
    1154.481201171875,
    1055.7640380859375,
    954.2363891601562,
    877.0022583007812,
    711.8404541015625,
    639.527587890625,
    603.0410766601562,
    396.4851989746094,
    330.9114990234375,
    281.12103271484375,
    207.6983184814453,
    37.550235748291016,
    2.201277732849121,
    1.1679754257202148,
    0.3767867982387543,
    0.1616642028093338,
    0.10503549128770828,
    0.0482419990003109,
    0.0006538574816659093,
    6.290613363546527e-09,
    5.852463846878209e-09,
    5.852463846878209e-09,
    5.852463846878209e-09,
    5.852463846878209e-09,
    5.852463846878209e-09,
    5.852463846878209e-09,
    5.852463846878209e-09,
    5.852463846878209e-09,
    5.852463846878209e-09,
    5.852463846878209e-09,
    5.852463846878209e-09,
    5.852463846878209e-09
  ],
  "cumulative_variance_pct": [
    71.89430236816406,
    79.62228393554688,
    84.92100524902344,
    87.6736831665039,
    90.13871765136719,
    91.62583923339844,
    93.01044464111328,
    94.1847152709961,
    94.9448013305664,
    95.6119384765625,
    96.17499542236328,
    96.67863464355469,
    97.1386489868164,
    97.51660919189453,
    97.82901763916016,
    98.1031265258789,
    98.31890869140625,
    98.5132827758789,
    98.68859100341797,
    98.85346984863281,
    98.97410583496094,
    99.08959197998047,
    99.19073486328125,
    99.2839126586914,
    99.36933898925781,
    99.44512939453125,
    99.51078033447266,
    99.57513427734375,
    99.63304138183594,
    99.68376922607422,
    99.73277282714844,
    99.77674102783203,
    99.81227111816406,
    99.84475708007812,
    99.87413024902344,
    99.901123046875,
    99.92303466796875,
    99.94271850585938,
    99.9612808227539,
    99.97348022460938,
    99.98367309570312,
    99.99232482910156,
    99.99871063232422,
    99.99987030029297,
    99.99993896484375,
    99.9999771118164,
    99.99998474121094,
    99.99999237060547,
    99.99999237060547,
    99.99999237060547,
    99.99999237060547,
    99.99999237060547,
    99.99999237060547,
    99.99999237060547,
    99.99999237060547,
    99.99999237060547,
    99.99999237060547,
    99.99999237060547,
    99.99999237060547,
    99.99999237060547,
    99.99999237060547,
    99.99999237060547,
    99.99999237060547,
    99.99999237060547
  ],
  "total_variance": 3249035.75
}