{
  "epoch": 0,
  "singular_values": [
    15.575760841369629,
    1.1746968030929565,
    0.6113166809082031,
    0.4954433739185333,
    0.43933746218681335,
    0.3317001163959503,
    0.253666490316391,
    0.21394208073616028,
    0.16654373705387115,
    0.14311276376247406,
    0.121368907392025,
    0.0997866541147232,
    0.08991503715515137,
    0.08472201973199844,
    0.07695737481117249,
    0.07098009437322617,
    0.05691930279135704,
    0.05432143434882164,
    0.04773689806461334,
    0.046950630843639374,
    0.045618463307619095,
    0.03803611919283867,
    0.03475109860301018,
    0.03129361569881439,
    0.026773596182465553,
    0.025947706773877144,
    0.023242328315973282,
    0.021474676206707954,
    0.02066640555858612,
    0.01973067969083786,
    0.016213946044445038,
    0.014256597496569157,
    0.013087726198136806,
    0.010598473250865936,
    0.008969062007963657,
    0.007679809350520372,
    0.007025234401226044,
    0.005426451563835144,
    9.23058792068332e-07,
    9.23058792068332e-07,
    9.23058792068332e-07,
    9.23058792068332e-07,
    9.23058792068332e-07,
    9.23058792068332e-07,
    9.23058792068332e-07,
    9.23058792068332e-07,
    9.23058792068332e-07,
    9.23058792068332e-07,
    9.23058792068332e-07,
    9.23058792068332e-07,
    9.23058792068332e-07,
    9.23058792068332e-07,
    9.23058792068332e-07,
    9.23058792068332e-07,
    9.23058792068332e-07,
    9.23058792068332e-07,
    9.23058792068332e-07,
    9.23058792068332e-07,
    9.23058792068332e-07,
    9.23058792068332e-07,
    9.23058792068332e-07,
    9.23058792068332e-07,
    8.470526609016815e-07,
    8.222734209084592e-07
  ],
  "variance": [
    242.6043243408203,
    1.3799126148223877,
    0.3737080991268158,
    0.24546413123607635,
    0.1930174082517624,
    0.11002496629953384,
    0.06434668600559235,
    0.04577121511101723,
    0.027736816555261612,
    0.020481262356042862,
    0.01473041158169508,
    0.009957375936210155,
    0.008084713481366634,
    0.0071778204292058945,
    0.005922437645494938,
    0.005038173869252205,
    0.0032398069743067026,
    0.0029508182778954506,
    0.0022788115311414003,
    0.0022043618373572826,
    0.002081044251099229,
    0.0014467464061453938,
    0.0012076388811692595,
    0.0009792903438210487,
    0.0007168254815042019,
    0.0006732834735885262,
    0.000540205801371485,
    0.0004611617187038064,
    0.0004271003126632422,
    0.00038929973379708827,
    0.0002628920483402908,
    0.00020325057266745716,
    0.00017128857143688947,
    0.00011232763790758327,
    8.044407150009647e-05,
    5.897947266930714e-05,
    4.935391916660592e-05,
    2.944637708424125e-05,
    8.520375160622762e-13,
    8.520375160622762e-13,
    8.520375160622762e-13,
    8.520375160622762e-13,
    8.520375160622762e-13,
    8.520375160622762e-13,
    8.520375160622762e-13,
    8.520375160622762e-13,
    8.520375160622762e-13,
    8.520375160622762e-13,
    8.520375160622762e-13,
    8.520375160622762e-13,
    8.520375160622762e-13,
    8.520375160622762e-13,
    8.520375160622762e-13,
    8.520375160622762e-13,
    8.520375160622762e-13,
    8.520375160622762e-13,
    8.520375160622762e-13,
    8.520375160622762e-13,
    8.520375160622762e-13,
    8.520375160622762e-13,
    8.520375160622762e-13,
    8.520375160622762e-13,
    7.174982179572464e-13,
    6.761335740422536e-13
  ],
  "cumulative_variance_pct": [
    98.96713256835938,
    99.53004455566406,
    99.6824951171875,
    99.78263092041016,
    99.86137390136719,
    99.90625,
    99.9324951171875,
    99.951171875,
    99.96249389648438,
    99.97084045410156,
    99.97685241699219,
    99.98091125488281,
    99.98421478271484,
    99.98713684082031,
    99.98955535888672,
    99.99160766601562,
    99.99293518066406,
    99.99413299560547,
    99.99506378173828,
    99.99596405029297,
    99.99681091308594,
    99.99740600585938,
    99.99789428710938,
    99.99829864501953,
    99.99858856201172,
    99.99887084960938,
    99.99908447265625,
    99.99927520751953,
    99.99944305419922,
    99.99960327148438,
    99.99971008300781,
    99.99979400634766,
    99.99986267089844,
    99.99990844726562,
    99.99994659423828,
    99.99996948242188,
    99.99998474121094,
    100.0,
    100.0,
    100.0,
    100.0,
    100.0,
    100.0,
    100.0,
    100.0,
    100.0,
    100.0,
    100.0,
    100.0,
    100.0,
    100.0,
    100.0,
    100.0,
    100.0,
    100.0,
    100.0,
    100.0,
    100.0,
    100.0,
    100.0,
    100.0,
    100.0,
    100.0,
    100.0
  ],
  "total_variance": 245.13626098632812
}