{
  "epoch": 100000,
  "singular_values": [
    1558.10400390625,
    506.60888671875,
    418.8193359375,
    307.3619384765625,
    293.485595703125,
    224.52224731445312,
    220.3905029296875,
    200.12864685058594,
    162.7718963623047,
    152.5748291015625,
    140.0482177734375,
    131.80807495117188,
    125.97297668457031,
    112.67976379394531,
    102.6394271850586,
    96.20247650146484,
    84.24581146240234,
    80.76066589355469,
    76.67845153808594,
    75.33863067626953,
    64.38571166992188,
    61.72509002685547,
    57.71244812011719,
    55.765384674072266,
    52.89842987060547,
    50.44205093383789,
    46.6701774597168,
    46.138065338134766,
    43.32404708862305,
    41.1609992980957,
    39.83047866821289,
    38.15800094604492,
    34.290382385253906,
    32.519500732421875,
    31.18855857849121,
    29.694494247436523,
    26.77033233642578,
    25.117176055908203,
    24.673255920410156,
    19.87042999267578,
    18.135391235351562,
    16.779380798339844,
    14.437646865844727,
    6.6127400398254395,
    1.0589898824691772,
    0.7047169804573059,
    0.26794543862342834,
    0.2216643989086151,
    0.1706623136997223,
    0.13135287165641785,
    7.803899643477052e-05,
    7.803899643477052e-05,
    7.803899643477052e-05,
    7.803899643477052e-05,
    7.803899643477052e-05,
    7.803899643477052e-05,
    7.803899643477052e-05,
    7.803899643477052e-05,
    7.803899643477052e-05,
    7.803899643477052e-05,
    7.803899643477052e-05,
    7.803899643477052e-05,
    7.803899643477052e-05,
    7.803723565302789e-05
  ],
  "variance": [
    2427688.0,
    256652.5625,
    175409.640625,
    94471.359375,
    86133.796875,
    50410.23828125,
    48571.97265625,
    40051.4765625,
    26494.689453125,
    23279.078125,
    19613.50390625,
    17373.369140625,
    15869.1904296875,
    12696.7294921875,
    10534.8515625,
    9254.916015625,
    7097.35693359375,
    6522.28515625,
    5879.5849609375,
    5675.9091796875,
    4145.52001953125,
    3809.98681640625,
    3330.7265625,
    3109.778076171875,
    2798.243896484375,
    2544.400390625,
    2178.10546875,
    2128.72119140625,
    1876.9730224609375,
    1694.2279052734375,
    1586.467041015625,
    1456.0330810546875,
    1175.830322265625,
    1057.5179443359375,
    972.7261962890625,
    881.7630004882812,
    716.6506958007812,
    630.87255859375,
    608.76953125,
    394.833984375,
    328.8924255371094,
    281.547607421875,
    208.44564819335938,
    43.72833251953125,
    1.1214596033096313,
    0.49662601947784424,
    0.07179475575685501,
    0.049135107547044754,
    0.029125625267624855,
    0.017253577709197998,
    6.090084880838731e-09,
    6.090084880838731e-09,
    6.090084880838731e-09,
    6.090084880838731e-09,
    6.090084880838731e-09,
    6.090084880838731e-09,
    6.090084880838731e-09,
    6.090084880838731e-09,
    6.090084880838731e-09,
    6.090084880838731e-09,
    6.090084880838731e-09,
    6.090084880838731e-09,
    6.090084880838731e-09,
    6.089809989617834e-09
  ],
  "cumulative_variance_pct": [
    71.87521362304688,
    79.47378540039062,
    84.66704559326172,
    87.46399688720703,
    90.01411437988281,
    91.50658416748047,
    92.94462585449219,
    94.13040924072266,
    94.91482543945312,
    95.60403442382812,
    96.1847152709961,
    96.69908905029297,
    97.1689224243164,
    97.5448226928711,
    97.85672760009766,
    98.13072967529297,
    98.34085845947266,
    98.5339584350586,
    98.7080307006836,
    98.87606811523438,
    98.99880981445312,
    99.11160278320312,
    99.21022033691406,
    99.30228424072266,
    99.3851318359375,
    99.46046447753906,
    99.52494812011719,
    99.58797454833984,
    99.64354705810547,
    99.6937026977539,
    99.74067687988281,
    99.78378295898438,
    99.81859588623047,
    99.84990692138672,
    99.87870788574219,
    99.9048080444336,
    99.92603302001953,
    99.9447021484375,
    99.96272277832031,
    99.97441864013672,
    99.9841537475586,
    99.99249267578125,
    99.9986572265625,
    99.99996185302734,
    99.99999237060547,
    100.00001525878906,
    100.00001525878906,
    100.00001525878906,
    100.00001525878906,
    100.00001525878906,
    100.00001525878906,
    100.00001525878906,
    100.00001525878906,
    100.00001525878906,
    100.00001525878906,
    100.00001525878906,
    100.00001525878906,
    100.00001525878906,
    100.00001525878906,
    100.00001525878906,
    100.00001525878906,
    100.00001525878906,
    100.00001525878906,
    100.00001525878906
  ],
  "total_variance": 3377642.75
}