{
  "epoch": 140000,
  "singular_values": [
    1570.225830078125,
    502.48760986328125,
    421.9745788574219,
    312.5219421386719,
    298.6510925292969,
    226.5379638671875,
    223.61802673339844,
    200.42922973632812,
    165.36611938476562,
    156.3463897705078,
    142.10935974121094,
    135.09689331054688,
    126.16991424560547,
    113.93367767333984,
    104.46123504638672,
    97.24943542480469,
    84.42285919189453,
    82.59696197509766,
    77.37516784667969,
    76.11959075927734,
    65.06068420410156,
    62.00828552246094,
    57.931148529052734,
    56.06265640258789,
    53.6848258972168,
    50.80604553222656,
    47.21404266357422,
    46.14313888549805,
    43.0611457824707,
    41.37220001220703,
    40.106204986572266,
    38.14976501464844,
    34.367576599121094,
    32.523624420166016,
    31.367143630981445,
    29.528623580932617,
    26.826353073120117,
    25.14205551147461,
    24.45319175720215,
    19.762901306152344,
    18.29680633544922,
    16.861574172973633,
    14.64348316192627,
    7.2671589851379395,
    0.7069709897041321,
    0.5915746092796326,
    0.17210468649864197,
    0.06049731746315956,
    0.04986134544014931,
    0.04148142784833908,
    0.014739939011633396,
    7.890366396168247e-05,
    7.890366396168247e-05,
    7.890366396168247e-05,
    7.890366396168247e-05,
    7.890366396168247e-05,
    7.890366396168247e-05,
    7.890366396168247e-05,
    7.890366396168247e-05,
    7.890366396168247e-05,
    7.890366396168247e-05,
    7.890366396168247e-05,
    7.890366396168247e-05,
    7.88432007539086e-05
  ],
  "variance": [
    2465609.25,
    252493.796875,
    178062.546875,
    97669.9609375,
    89192.4765625,
    51319.44921875,
    50005.0234375,
    40171.875,
    27345.953125,
    24444.193359375,
    20195.0703125,
    18251.169921875,
    15918.84765625,
    12980.8828125,
    10912.1494140625,
    9457.453125,
    7127.21923828125,
    6822.25830078125,
    5986.91650390625,
    5794.19189453125,
    4232.892578125,
    3845.027587890625,
    3356.01806640625,
    3143.021484375,
    2882.060546875,
    2581.254150390625,
    2229.165771484375,
    2129.189208984375,
    1854.2623291015625,
    1711.658935546875,
    1608.5076904296875,
    1455.404541015625,
    1181.13037109375,
    1057.7861328125,
    983.897705078125,
    871.9396362304688,
    719.6531982421875,
    632.1229858398438,
    597.9585571289062,
    390.572265625,
    334.77313232421875,
    284.31268310546875,
    214.4315948486328,
    52.81159973144531,
    0.4998079836368561,
    0.3499605059623718,
    0.02962002344429493,
    0.0036599254235625267,
    0.0024861537385731936,
    0.001720708911307156,
    0.00021726579871028662,
    6.2257883293170835e-09,
    6.2257883293170835e-09,
    6.2257883293170835e-09,
    6.2257883293170835e-09,
    6.2257883293170835e-09,
    6.2257883293170835e-09,
    6.2257883293170835e-09,
    6.2257883293170835e-09,
    6.2257883293170835e-09,
    6.2257883293170835e-09,
    6.2257883293170835e-09,
    6.2257883293170835e-09,
    6.216250181267924e-09
  ],
  "cumulative_variance_pct": [
    71.92324829101562,
    79.28863525390625,
    84.48282623291016,
    87.33191680908203,
    89.93370819091797,
    91.43073272705078,
    92.88941192626953,
    94.06124877929688,
    94.85894012451172,
    95.57199096679688,
    96.16109466552734,
    96.69348907470703,
    97.15785217285156,
    97.53651428222656,
    97.8548355102539,
    98.13070678710938,
    98.33860778808594,
    98.5376205444336,
    98.71226501464844,
    98.88128662109375,
    99.0047607421875,
    99.1169204711914,
    99.21481323242188,
    99.30650329589844,
    99.39057922363281,
    99.46587371826172,
    99.53089141845703,
    99.59300994873047,
    99.6470947265625,
    99.69702911376953,
    99.74394989013672,
    99.78640747070312,
    99.82086181640625,
    99.8517074584961,
    99.88041687011719,
    99.90585327148438,
    99.92684173583984,
    99.94528198242188,
    99.96273040771484,
    99.97412109375,
    99.98388671875,
    99.99217224121094,
    99.9984359741211,
    99.99996948242188,
    99.99998474121094,
    100.0,
    100.0,
    100.0,
    100.0,
    100.0,
    100.0,
    100.0,
    100.0,
    100.0,
    100.0,
    100.0,
    100.0,
    100.0,
    100.0,
    100.0,
    100.0,
    100.0,
    100.0,
    100.0
  ],
  "total_variance": 3428111.5
}