{
  "epoch": 250000,
  "singular_values": [
    1589.7232666015625,
    500.11566162109375,
    429.27215576171875,
    322.7386169433594,
    307.9821472167969,
    231.91824340820312,
    229.4338836669922,
    202.31190490722656,
    167.60304260253906,
    161.2696075439453,
    145.2708740234375,
    137.93304443359375,
    125.98404693603516,
    116.5968017578125,
    107.53738403320312,
    98.3719253540039,
    85.49053192138672,
    84.93321228027344,
    79.69564819335938,
    76.50165557861328,
    66.011962890625,
    61.99937057495117,
    58.823394775390625,
    56.1461296081543,
    54.3371696472168,
    51.0938835144043,
    48.32224655151367,
    45.96354675292969,
    42.66543197631836,
    41.400672912597656,
    40.96056365966797,
    37.9544792175293,
    34.133670806884766,
    32.48042297363281,
    31.770893096923828,
    29.509212493896484,
    26.733745574951172,
    25.53490447998047,
    24.246740341186523,
    20.081375122070312,
    18.1273250579834,
    16.924402236938477,
    15.030081748962402,
    7.950990200042725,
    0.3096405565738678,
    0.08139130473136902,
    0.025987762957811356,
    0.0035241765435785055,
    8.025328133953735e-05,
    8.025328133953735e-05,
    8.025328133953735e-05,
    8.025328133953735e-05,
    8.025328133953735e-05,
    8.025328133953735e-05,
    8.025328133953735e-05,
    8.025328133953735e-05,
    8.025328133953735e-05,
    8.025328133953735e-05,
    8.025328133953735e-05,
    8.025328133953735e-05,
    8.025328133953735e-05,
    8.025328133953735e-05,
    8.025328133953735e-05,
    8.025328133953735e-05
  ],
  "variance": [
    2527220.0,
    250115.671875,
    184274.578125,
    104160.21875,
    94853.0,
    53786.0703125,
    52639.90625,
    40930.10546875,
    28090.779296875,
    26007.88671875,
    21103.626953125,
    19025.525390625,
    15871.98046875,
    13594.814453125,
    11564.2890625,
    9677.0361328125,
    7308.630859375,
    7213.650390625,
    6351.396484375,
    5852.50341796875,
    4357.5791015625,
    3843.921875,
    3460.19189453125,
    3152.387939453125,
    2952.528076171875,
    2610.5849609375,
    2335.03955078125,
    2112.647705078125,
    1820.339111328125,
    1714.0157470703125,
    1677.767822265625,
    1440.54248046875,
    1165.107421875,
    1054.9779052734375,
    1009.3896484375,
    870.7936401367188,
    714.6931762695312,
    652.0313720703125,
    587.9044189453125,
    403.2616271972656,
    328.59991455078125,
    286.4353942871094,
    225.90335083007812,
    63.21824645996094,
    0.0958772748708725,
    0.006624544505029917,
    0.0006753638153895736,
    1.2419820450304542e-05,
    6.4405889510510406e-09,
    6.4405889510510406e-09,
    6.4405889510510406e-09,
    6.4405889510510406e-09,
    6.4405889510510406e-09,
    6.4405889510510406e-09,
    6.4405889510510406e-09,
    6.4405889510510406e-09,
    6.4405889510510406e-09,
    6.4405889510510406e-09,
    6.4405889510510406e-09,
    6.4405889510510406e-09,
    6.4405889510510406e-09,
    6.4405889510510406e-09,
    6.4405889510510406e-09,
    6.4405889510510406e-09
  ],
  "cumulative_variance_pct": [
    71.8270034790039,
    78.93563079833984,
    84.17295837402344,
    87.13333892822266,
    89.82918548583984,
    91.35785675048828,
    92.85395812988281,
    94.01724243164062,
    94.81562042236328,
    95.55480194091797,
    96.15458679199219,
    96.69532012939453,
    97.14643096923828,
    97.5328140258789,
    97.86148834228516,
    98.13652038574219,
    98.34423828125,
    98.54925537109375,
    98.72977447509766,
    98.8961181640625,
    99.01996612548828,
    99.12921142578125,
    99.22754669189453,
    99.31715393066406,
    99.40106201171875,
    99.47525787353516,
    99.5416259765625,
    99.60166931152344,
    99.65341186523438,
    99.7021255493164,
    99.74980926513672,
    99.7907485961914,
    99.8238525390625,
    99.85384368896484,
    99.88253784179688,
    99.90728759765625,
    99.92759704589844,
    99.94612884521484,
    99.96282958984375,
    99.97429656982422,
    99.98363494873047,
    99.99178314208984,
    99.9981918334961,
    99.99999237060547,
    100.0,
    100.0,
    100.0,
    100.0,
    100.0,
    100.0,
    100.0,
    100.0,
    100.0,
    100.0,
    100.0,
    100.0,
    100.0,
    100.0,
    100.0,
    100.0,
    100.0,
    100.0,
    100.0,
    100.0
  ],
  "total_variance": 3518481.75
}