{
  "epoch": 290000,
  "singular_values": [
    1593.781982421875,
    500.545654296875,
    430.8431091308594,
    325.2702331542969,
    309.7547912597656,
    232.7921905517578,
    230.71713256835938,
    202.76113891601562,
    168.09217834472656,
    162.0910186767578,
    145.8744659423828,
    138.3475341796875,
    125.80945587158203,
    117.2940673828125,
    108.17159271240234,
    98.27904510498047,
    86.02919006347656,
    85.08744812011719,
    80.21258544921875,
    76.66773986816406,
    66.2711181640625,
    61.917293548583984,
    59.07309341430664,
    56.2021484375,
    54.26996612548828,
    51.132240295410156,
    48.553157806396484,
    45.88235855102539,
    42.58609390258789,
    41.39836120605469,
    41.12139892578125,
    37.89238357543945,
    34.08575439453125,
    32.532073974609375,
    31.811676025390625,
    29.552204132080078,
    26.709983825683594,
    25.589244842529297,
    24.21173095703125,
    20.2591609954834,
    17.9754638671875,
    16.894031524658203,
    15.095046043395996,
    8.12182331085205,
    0.2746255695819855,
    0.06994076073169708,
    0.02326805517077446,
    0.0003799872356466949,
    8.048825111472979e-05,
    8.048825111472979e-05,
    8.048825111472979e-05,
    8.048825111472979e-05,
    8.048825111472979e-05,
    8.048825111472979e-05,
    8.048825111472979e-05,
    8.048825111472979e-05,
    8.048825111472979e-05,
    8.048825111472979e-05,
    8.048825111472979e-05,
    8.048825111472979e-05,
    8.048825111472979e-05,
    8.048825111472979e-05,
    8.048825111472979e-05,
    8.048825111472979e-05
  ],
  "variance": [
    2540141.0,
    250545.953125,
    185625.78125,
    105800.7265625,
    95948.03125,
    54192.203125,
    53230.39453125,
    41112.078125,
    28254.98046875,
    26273.498046875,
    21279.359375,
    19140.041015625,
    15828.01953125,
    13757.8984375,
    11701.09375,
    9658.7705078125,
    7401.021484375,
    7239.8740234375,
    6434.05908203125,
    5877.9423828125,
    4391.861328125,
    3833.751220703125,
    3489.63037109375,
    3158.681396484375,
    2945.229248046875,
    2614.506103515625,
    2357.4091796875,
    2105.19091796875,
    1813.575439453125,
    1713.8243408203125,
    1690.969482421875,
    1435.832763671875,
    1161.838623046875,
    1058.3358154296875,
    1011.9827270507812,
    873.332763671875,
    713.4232177734375,
    654.8094482421875,
    586.2078857421875,
    410.43359375,
    323.1173095703125,
    285.4082946777344,
    227.86041259765625,
    65.9640121459961,
    0.07541920244693756,
    0.004891709890216589,
    0.0005414023762568831,
    1.4439029882851173e-07,
    6.478358738348788e-09,
    6.478358738348788e-09,
    6.478358738348788e-09,
    6.478358738348788e-09,
    6.478358738348788e-09,
    6.478358738348788e-09,
    6.478358738348788e-09,
    6.478358738348788e-09,
    6.478358738348788e-09,
    6.478358738348788e-09,
    6.478358738348788e-09,
    6.478358738348788e-09,
    6.478358738348788e-09,
    6.478358738348788e-09,
    6.478358738348788e-09,
    6.478358738348788e-09
  ],
  "cumulative_variance_pct": [
    71.78853607177734,
    78.86937713623047,
    84.11546325683594,
    87.1055679321289,
    89.81721496582031,
    91.34877014160156,
    92.8531494140625,
    94.01505279541016,
    94.8135757446289,
    95.55610656738281,
    96.1574935913086,
    96.69842529296875,
    97.145751953125,
    97.53457641601562,
    97.86526489257812,
    98.13823699951172,
    98.34740447998047,
    98.55200958251953,
    98.73384857177734,
    98.89997100830078,
    99.02409362792969,
    99.13243865966797,
    99.23106384277344,
    99.3203353881836,
    99.40357208251953,
    99.47746276855469,
    99.54408264160156,
    99.60358428955078,
    99.65483856201172,
    99.70327758789062,
    99.75105285644531,
    99.79164123535156,
    99.82447814941406,
    99.85437774658203,
    99.88298034667969,
    99.90766906738281,
    99.92782592773438,
    99.94633483886719,
    99.96290588378906,
    99.97450256347656,
    99.98363494873047,
    99.99169921875,
    99.99813842773438,
    100.00001525878906,
    100.00001525878906,
    100.00001525878906,
    100.00001525878906,
    100.00001525878906,
    100.00001525878906,
    100.00001525878906,
    100.00001525878906,
    100.00001525878906,
    100.00001525878906,
    100.00001525878906,
    100.00001525878906,
    100.00001525878906,
    100.00001525878906,
    100.00001525878906,
    100.00001525878906,
    100.00001525878906,
    100.00001525878906,
    100.00001525878906,
    100.00001525878906,
    100.00001525878906
  ],
  "total_variance": 3538365.75
}