{
  "epoch": 260000,
  "singular_values": [
    1590.2159423828125,
    499.970458984375,
    429.5536193847656,
    323.30767822265625,
    308.2579040527344,
    232.09210205078125,
    229.663330078125,
    202.32337951660156,
    167.6477508544922,
    161.4575958251953,
    145.37515258789062,
    138.01467895507812,
    125.91670227050781,
    116.76637268066406,
    107.68434143066406,
    98.34565734863281,
    85.62195587158203,
    84.9597396850586,
    79.81425476074219,
    76.53827667236328,
    66.06681823730469,
    61.972293853759766,
    58.88236999511719,
    56.158321380615234,
    54.32014846801758,
    51.106082916259766,
    48.37826156616211,
    45.937782287597656,
    42.646270751953125,
    41.39968490600586,
    41.000518798828125,
    37.939884185791016,
    34.11685562133789,
    32.491615295410156,
    31.784345626831055,
    29.51461410522461,
    26.72606658935547,
    25.548362731933594,
    24.237037658691406,
    20.12135124206543,
    18.087305068969727,
    16.919889450073242,
    15.045007705688477,
    7.990133285522461,
    0.29716789722442627,
    0.07708846777677536,
    0.023685425519943237,
    0.002765457611531019,
    8.029054151847959e-05,
    8.029054151847959e-05,
    8.029054151847959e-05,
    8.029054151847959e-05,
    8.029054151847959e-05,
    8.029054151847959e-05,
    8.029054151847959e-05,
    8.029054151847959e-05,
    8.029054151847959e-05,
    8.029054151847959e-05,
    8.029054151847959e-05,
    8.029054151847959e-05,
    8.029054151847959e-05,
    8.029054151847959e-05,
    8.029054151847959e-05,
    8.019746746867895e-05
  ],
  "variance": [
    2528786.75,
    249970.453125,
    184516.3125,
    104527.8515625,
    95022.9375,
    53866.7421875,
    52745.24609375,
    40934.75,
    28105.767578125,
    26068.5546875,
    21133.935546875,
    19048.05078125,
    15855.015625,
    13634.3857421875,
    11595.9169921875,
    9671.8681640625,
    7331.119140625,
    7218.1572265625,
    6370.3154296875,
    5858.10791015625,
    4364.82470703125,
    3840.565185546875,
    3467.133544921875,
    3153.757080078125,
    2950.678466796875,
    2611.831787109375,
    2340.456298828125,
    2110.27978515625,
    1818.7044677734375,
    1713.9339599609375,
    1681.0426025390625,
    1439.434814453125,
    1163.9598388671875,
    1055.705078125,
    1010.24462890625,
    871.1124267578125,
    714.2826538085938,
    652.7188110351562,
    587.4340209960938,
    404.8687744140625,
    327.1506042480469,
    286.28265380859375,
    226.35226440429688,
    63.84223175048828,
    0.08830875903367996,
    0.005942631978541613,
    0.0005609993822872639,
    7.647755410289392e-06,
    6.446571276796931e-09,
    6.446571276796931e-09,
    6.446571276796931e-09,
    6.446571276796931e-09,
    6.446571276796931e-09,
    6.446571276796931e-09,
    6.446571276796931e-09,
    6.446571276796931e-09,
    6.446571276796931e-09,
    6.446571276796931e-09,
    6.446571276796931e-09,
    6.446571276796931e-09,
    6.446571276796931e-09,
    6.446571276796931e-09,
    6.446571276796931e-09,
    6.431633892134414e-09
  ],
  "cumulative_variance_pct": [
    71.81771087646484,
    78.91688537597656,
    84.15715789794922,
    87.1257553100586,
    89.82441711425781,
    91.35423278808594,
    92.8521957397461,
    94.01475524902344,
    94.81295013427734,
    95.55329895019531,
    96.15351104736328,
    96.69447326660156,
    97.14476013183594,
    97.531982421875,
    97.8613052368164,
    98.135986328125,
    98.34419250488281,
    98.54917907714844,
    98.7301025390625,
    98.89647674560547,
    99.02043151855469,
    99.12950897216797,
    99.22797393798828,
    99.31753540039062,
    99.4013442993164,
    99.47551727294922,
    99.54198455810547,
    99.60192108154297,
    99.65357208251953,
    99.7022476196289,
    99.74998474121094,
    99.7908706665039,
    99.82392120361328,
    99.8539047241211,
    99.88259887695312,
    99.90734100341797,
    99.92761993408203,
    99.94615936279297,
    99.96283721923828,
    99.9743423461914,
    99.98362731933594,
    99.99176025390625,
    99.99818420410156,
    100.0,
    100.00001525878906,
    100.00001525878906,
    100.00001525878906,
    100.00001525878906,
    100.00001525878906,
    100.00001525878906,
    100.00001525878906,
    100.00001525878906,
    100.00001525878906,
    100.00001525878906,
    100.00001525878906,
    100.00001525878906,
    100.00001525878906,
    100.00001525878906,
    100.00001525878906,
    100.00001525878906,
    100.00001525878906,
    100.00001525878906,
    100.00001525878906,
    100.00001525878906
  ],
  "total_variance": 3521118.75
}