{
  "epoch": 160000,
  "singular_values": [
    1577.5870361328125,
    501.8541259765625,
    424.3872985839844,
    314.9566650390625,
    301.4931335449219,
    228.09451293945312,
    225.4080352783203,
    201.11001586914062,
    166.32998657226562,
    157.80960083007812,
    143.1633758544922,
    136.22154235839844,
    126.27957153320312,
    114.55066680908203,
    105.29641723632812,
    97.7367935180664,
    84.60090637207031,
    83.32303619384766,
    78.00731658935547,
    76.14213562011719,
    65.26476287841797,
    62.08717346191406,
    58.152984619140625,
    56.093082427978516,
    54.01084518432617,
    50.87565994262695,
    47.500885009765625,
    46.14697265625,
    42.95083236694336,
    41.39086151123047,
    40.32175064086914,
    38.12702560424805,
    34.3387565612793,
    32.48704147338867,
    31.48355484008789,
    29.518171310424805,
    26.809768676757812,
    25.244123458862305,
    24.40259552001953,
    19.760007858276367,
    18.356245040893555,
    16.905658721923828,
    14.748466491699219,
    7.499051570892334,
    0.5399051308631897,
    0.5267043113708496,
    0.13963671028614044,
    0.047717832028865814,
    0.04041067510843277,
    0.024925408884882927,
    0.01985260657966137,
    7.936493057059124e-05,
    7.936493057059124e-05,
    7.936493057059124e-05,
    7.936493057059124e-05,
    7.936493057059124e-05,
    7.936493057059124e-05,
    7.936493057059124e-05,
    7.936493057059124e-05,
    7.936493057059124e-05,
    7.936493057059124e-05,
    7.936493057059124e-05,
    7.936493057059124e-05,
    7.693554653087631e-05
  ],
  "variance": [
    2488780.75,
    251857.5625,
    180104.578125,
    99197.703125,
    90898.109375,
    52027.10546875,
    50808.78125,
    40445.23828125,
    27665.6640625,
    24903.869140625,
    20495.751953125,
    18556.30859375,
    15946.5302734375,
    13121.85546875,
    11087.3359375,
    9552.48046875,
    7157.3134765625,
    6942.728515625,
    6085.1416015625,
    5797.625,
    4259.4892578125,
    3854.817138671875,
    3381.76953125,
    3146.433837890625,
    2917.17138671875,
    2588.332763671875,
    2256.333984375,
    2129.54296875,
    1844.7740478515625,
    1713.203369140625,
    1625.8436279296875,
    1453.6700439453125,
    1179.150146484375,
    1055.4078369140625,
    991.2142333984375,
    871.3224487304688,
    718.763671875,
    637.2657470703125,
    595.4866943359375,
    390.4579162597656,
    336.95172119140625,
    285.8013000488281,
    217.5172576904297,
    56.235774993896484,
    0.2914975583553314,
    0.2774174213409424,
    0.019498411566019058,
    0.002276991493999958,
    0.001633022679015994,
    0.0006212760345079005,
    0.00039412599289789796,
    6.298792154524335e-09,
    6.298792154524335e-09,
    6.298792154524335e-09,
    6.298792154524335e-09,
    6.298792154524335e-09,
    6.298792154524335e-09,
    6.298792154524335e-09,
    6.298792154524335e-09,
    6.298792154524335e-09,
    6.298792154524335e-09,
    6.298792154524335e-09,
    6.298792154524335e-09,
    5.919078116534138e-09
  ],
  "cumulative_variance_pct": [
    71.93132781982422,
    79.2105712890625,
    84.41600036621094,
    87.28303527832031,
    89.91019439697266,
    91.41389465332031,
    92.88237762451172,
    94.05133819580078,
    94.85093688964844,
    95.57071685791016,
    96.1630859375,
    96.69940948486328,
    97.1603012084961,
    97.53954315185547,
    97.85999298095703,
    98.13607788085938,
    98.34294891357422,
    98.54360961914062,
    98.71947479248047,
    98.88704681396484,
    99.0101547241211,
    99.12156677246094,
    99.21930694580078,
    99.31024932861328,
    99.3945541381836,
    99.46936798095703,
    99.53457641601562,
    99.59612274169922,
    99.64944458007812,
    99.69895935058594,
    99.74595642089844,
    99.78797149658203,
    99.82205200195312,
    99.85254669189453,
    99.88119506835938,
    99.90638732910156,
    99.92715454101562,
    99.94557189941406,
    99.9627914428711,
    99.97407531738281,
    99.98380279541016,
    99.99207305908203,
    99.99835968017578,
    99.99998474121094,
    99.99999237060547,
    100.0,
    100.0,
    100.0,
    100.0,
    100.0,
    100.0,
    100.0,
    100.0,
    100.0,
    100.0,
    100.0,
    100.0,
    100.0,
    100.0,
    100.0,
    100.0,
    100.0,
    100.0,
    100.0
  ],
  "total_variance": 3459940.0
}