{
  "epoch": 40000,
  "singular_values": [
    1462.9378662109375,
    476.4795837402344,
    404.82763671875,
    281.5017395019531,
    268.30084228515625,
    210.8423309326172,
    201.32228088378906,
    181.28555297851562,
    146.4279327392578,
    139.59246826171875,
    128.09254455566406,
    123.33927917480469,
    113.99517059326172,
    105.74591827392578,
    99.58069610595703,
    92.56652069091797,
    80.8905029296875,
    77.9305191040039,
    71.40460205078125,
    70.90665435791016,
    61.13817596435547,
    59.423255920410156,
    57.116180419921875,
    54.026283264160156,
    52.30295944213867,
    47.97428894042969,
    45.25331115722656,
    45.055294036865234,
    42.683082580566406,
    39.83516311645508,
    39.2912712097168,
    36.859371185302734,
    33.49702835083008,
    32.64683151245117,
    30.191621780395508,
    29.063325881958008,
    26.356462478637695,
    24.78008460998535,
    24.36365509033203,
    18.776931762695312,
    18.076642990112305,
    15.428589820861816,
    13.717253684997559,
    6.678298473358154,
    2.350562334060669,
    2.1314761638641357,
    1.3718024492263794,
    0.7331423163414001,
    0.7002254128456116,
    0.5154087543487549,
    0.21788260340690613,
    0.00020033189503010362,
    7.34110944904387e-05,
    7.34110944904387e-05,
    7.34110944904387e-05,
    7.34110944904387e-05,
    7.34110944904387e-05,
    7.34110944904387e-05,
    7.34110944904387e-05,
    7.34110944904387e-05,
    7.34110944904387e-05,
    7.34110944904387e-05,
    7.34110944904387e-05,
    7.34110944904387e-05
  ],
  "variance": [
    2140187.25,
    227032.796875,
    163885.421875,
    79243.2265625,
    71985.34375,
    44454.48828125,
    40530.66015625,
    32864.453125,
    21441.138671875,
    19486.056640625,
    16407.69921875,
    15212.578125,
    12994.8984375,
    11182.19921875,
    9916.3154296875,
    8568.560546875,
    6543.2734375,
    6073.166015625,
    5098.6171875,
    5027.75341796875,
    3737.87646484375,
    3531.123291015625,
    3262.258056640625,
    2918.83935546875,
    2735.599609375,
    2301.532470703125,
    2047.8621826171875,
    2029.9794921875,
    1821.8455810546875,
    1586.8402099609375,
    1543.803955078125,
    1358.61328125,
    1122.0509033203125,
    1065.8155517578125,
    911.5339965820312,
    844.6769409179688,
    694.6630859375,
    614.0526123046875,
    593.5877075195312,
    352.57318115234375,
    326.7650146484375,
    238.0413818359375,
    188.16305541992188,
    44.59967041015625,
    5.525143146514893,
    4.5431904792785645,
    1.881842017173767,
    0.5374976396560669,
    0.49031561613082886,
    0.26564618945121765,
    0.04747282713651657,
    4.013286769577462e-08,
    5.389188650894994e-09,
    5.389188650894994e-09,
    5.389188650894994e-09,
    5.389188650894994e-09,
    5.389188650894994e-09,
    5.389188650894994e-09,
    5.389188650894994e-09,
    5.389188650894994e-09,
    5.389188650894994e-09,
    5.389188650894994e-09,
    5.389188650894994e-09,
    5.389188650894994e-09
  ],
  "cumulative_variance_pct": [
    71.96273040771484,
    79.59658813476562,
    85.10716247558594,
    87.77167510986328,
    90.19214630126953,
    91.68690490722656,
    93.04972839355469,
    94.15477752685547,
    94.875732421875,
    95.53092956542969,
    96.08263397216797,
    96.59414672851562,
    97.03109741210938,
    97.40709686279297,
    97.74052429199219,
    98.02863311767578,
    98.24864959716797,
    98.4528579711914,
    98.62430572509766,
    98.7933578491211,
    98.91903686523438,
    99.03778076171875,
    99.14746856689453,
    99.24560546875,
    99.33759307861328,
    99.41498565673828,
    99.48383331298828,
    99.55209350585938,
    99.61334991455078,
    99.66671752929688,
    99.7186279296875,
    99.76429748535156,
    99.80203247070312,
    99.8378677368164,
    99.86851501464844,
    99.89692687988281,
    99.92028045654297,
    99.94091796875,
    99.96088409423828,
    99.97274017333984,
    99.98372650146484,
    99.99172973632812,
    99.99805450439453,
    99.99954986572266,
    99.99974060058594,
    99.9999008178711,
    99.99996185302734,
    99.9999771118164,
    99.99999237060547,
    100.0,
    100.00001525878906,
    100.00001525878906,
    100.00001525878906,
    100.00001525878906,
    100.00001525878906,
    100.00001525878906,
    100.00001525878906,
    100.00001525878906,
    100.00001525878906,
    100.00001525878906,
    100.00001525878906,
    100.00001525878906,
    100.00001525878906,
    100.00001525878906
  ],
  "total_variance": 2974021.75
}