{
  "epoch": 120000,
  "singular_values": [
    1553.084716796875,
    499.5802001953125,
    417.79583740234375,
    308.4671936035156,
    293.18115234375,
    223.81907653808594,
    220.15896606445312,
    198.3516082763672,
    162.765869140625,
    153.93348693847656,
    139.929443359375,
    133.10775756835938,
    125.59894561767578,
    112.85873413085938,
    103.20246124267578,
    96.20172119140625,
    84.13078308105469,
    81.4966812133789,
    76.67879486083984,
    75.83868408203125,
    64.63518524169922,
    61.73843765258789,
    57.651180267333984,
    55.886356353759766,
    53.22075271606445,
    50.69921875,
    46.796630859375,
    46.09804916381836,
    43.15061950683594,
    41.276058197021484,
    39.869728088378906,
    38.08329391479492,
    34.359352111816406,
    32.56789016723633,
    31.2325382232666,
    29.53712272644043,
    26.784290313720703,
    25.024980545043945,
    24.506574630737305,
    19.804075241088867,
    18.212528228759766,
    16.771251678466797,
    14.52879810333252,
    6.994093894958496,
    0.918267011642456,
    0.6688788533210754,
    0.203676238656044,
    0.10666308552026749,
    0.09123106300830841,
    0.00037028425140306354,
    7.79888141551055e-05,
    7.79888141551055e-05,
    7.79888141551055e-05,
    7.79888141551055e-05,
    7.79888141551055e-05,
    7.79888141551055e-05,
    7.79888141551055e-05,
    7.79888141551055e-05,
    7.79888141551055e-05,
    7.79888141551055e-05,
    7.79888141551055e-05,
    7.79888141551055e-05,
    7.79888141551055e-05,
    7.79888141551055e-05
  ],
  "variance": [
    2412072.25,
    249580.375,
    174553.359375,
    95152.0078125,
    85955.1875,
    50094.98046875,
    48469.96875,
    39343.359375,
    26492.728515625,
    23695.517578125,
    19580.25,
    17717.67578125,
    15775.0947265625,
    12737.09375,
    10650.748046875,
    9254.771484375,
    7077.98876953125,
    6641.708984375,
    5879.6376953125,
    5751.505859375,
    4177.70703125,
    3811.634765625,
    3323.65869140625,
    3123.284912109375,
    2832.448486328125,
    2570.410888671875,
    2189.924560546875,
    2125.030029296875,
    1861.9759521484375,
    1703.7130126953125,
    1589.59521484375,
    1450.3372802734375,
    1180.5650634765625,
    1060.66748046875,
    975.471435546875,
    872.4415893554688,
    717.398193359375,
    626.2496337890625,
    600.5722045898438,
    392.2013854980469,
    331.6961975097656,
    281.2748718261719,
    211.08596801757812,
    48.91735076904297,
    0.8432143330574036,
    0.44739893078804016,
    0.041484009474515915,
    0.011377014219760895,
    0.008323106914758682,
    1.3711043322928163e-07,
    6.0822551439798644e-09,
    6.0822551439798644e-09,
    6.0822551439798644e-09,
    6.0822551439798644e-09,
    6.0822551439798644e-09,
    6.0822551439798644e-09,
    6.0822551439798644e-09,
    6.0822551439798644e-09,
    6.0822551439798644e-09,
    6.0822551439798644e-09,
    6.0822551439798644e-09,
    6.0822551439798644e-09,
    6.0822551439798644e-09,
    6.0822551439798644e-09
  ],
  "cumulative_variance_pct": [
    71.90480041503906,
    79.34488677978516,
    84.54839324951172,
    87.3849105834961,
    89.947265625,
    91.44062042236328,
    92.88552856445312,
    94.05836486816406,
    94.84812927246094,
    95.55449676513672,
    96.13819122314453,
    96.66636657714844,
    97.1366195678711,
    97.51631927490234,
    97.83381652832031,
    98.10971069335938,
    98.3207015991211,
    98.5186996459961,
    98.69397735595703,
    98.86543273925781,
    98.9899673461914,
    99.10359191894531,
    99.20267486572266,
    99.29578399658203,
    99.38021850585938,
    99.45684051513672,
    99.52212524414062,
    99.5854721069336,
    99.64097595214844,
    99.69176483154297,
    99.73915100097656,
    99.78238677978516,
    99.81758117675781,
    99.84920501708984,
    99.87828063964844,
    99.90428924560547,
    99.92567443847656,
    99.94434356689453,
    99.96224975585938,
    99.97393798828125,
    99.98382568359375,
    99.9922103881836,
    99.99850463867188,
    99.99996185302734,
    99.99998474121094,
    100.0,
    100.0,
    100.0,
    100.0,
    100.0,
    100.0,
    100.0,
    100.0,
    100.0,
    100.0,
    100.0,
    100.0,
    100.0,
    100.0,
    100.0,
    100.0,
    100.0,
    100.0,
    100.0
  ],
  "total_variance": 3354535.75
}