{
  "depths": [
    2,
    4,
    8,
    16,
    32,
    48,
    64
  ],
  "ranks": [
    1,
    4,
    16,
    32,
    64
  ],
  "base_lr": 0.1,
  "lr_multipliers": [
    0.1,
    0.25,
    0.5,
    1.0,
    2.0
  ],
  "n_task_seeds": 1,
  "n_init_seeds": 1,
  "epochs": 4000,
  "dim": 64,
  "n_samples": 128,
  "losses": {
    "1": {
      "2": [
        4.8e-05
      ],
      "4": [
        0.000185
      ],
      "8": [
        0.001332
      ],
      "16": [
        0.000771
      ],
      "32": [
        0.000593
      ],
      "48": [
        0.0005
      ],
      "64": [
        0.00122
      ]
    },
    "4": {
      "2": [
        1.7e-05
      ],
      "4": [
        0.000125
      ],
      "8": [
        0.001151
      ],
      "16": [
        0.003775
      ],
      "32": [
        0.016099
      ],
      "48": [
        0.059449
      ],
      "64": [
        0.28252
      ]
    },
    "16": {
      "2": [
        1e-06
      ],
      "4": [
        2.8e-05
      ],
      "8": [
        0.000115
      ],
      "16": [
        0.000994
      ],
      "32": [
        0.04135
      ],
      "48": [
        2.61085
      ],
      "64": [
        12.542616
      ]
    },
    "32": {
      "2": [
        3e-06
      ],
      "4": [
        8.1e-05
      ],
      "8": [
        0.00677
      ],
      "16": [
        0.041809
      ],
      "32": [
        0.090316
      ],
      "48": [
        7.517624
      ],
      "64": [
        21.455034
      ]
    },
    "64": {
      "2": [
        0.018118
      ],
      "4": [
        0.151336
      ],
      "8": [
        0.413218
      ],
      "16": [
        0.668699
      ],
      "32": [
        1.492797
      ],
      "48": [
        12.735277
      ],
      "64": [
        30.002804
      ]
    }
  },
  "best_lrs": {
    "1": {
      "2": [
        0.1414
      ],
      "4": [
        0.025
      ],
      "8": [
        0.0035
      ],
      "16": [
        0.0013
      ],
      "32": [
        0.0004
      ],
      "48": [
        0.0001
      ],
      "64": [
        0.0001
      ]
    },
    "4": {
      "2": [
        0.1414
      ],
      "4": [
        0.05
      ],
      "8": [
        0.0177
      ],
      "16": [
        0.0025
      ],
      "32": [
        0.0004
      ],
      "48": [
        0.0001
      ],
      "64": [
        0.0001
      ]
    },
    "16": {
      "2": [
        0.1414
      ],
      "4": [
        0.05
      ],
      "8": [
        0.0177
      ],
      "16": [
        0.0063
      ],
      "32": [
        0.0009
      ],
      "48": [
        0.0001
      ],
      "64": [
        0.0001
      ]
    },
    "32": {
      "2": [
        0.1414
      ],
      "4": [
        0.025
      ],
      "8": [
        0.0035
      ],
      "16": [
        0.0025
      ],
      "32": [
        0.0018
      ],
      "48": [
        0.0001
      ],
      "64": [
        0.0003
      ]
    },
    "64": {
      "2": [
        0.0707
      ],
      "4": [
        0.0125
      ],
      "8": [
        0.0035
      ],
      "16": [
        0.0125
      ],
      "32": [
        0.0009
      ],
      "48": [
        0.0001
      ],
      "64": [
        0.0001
      ]
    }
  },
  "total_time_seconds": 4248.0
}